{"type":"FeatureCollection","features":[{"type":"Feature","properties":{"catalog_id":"PHL_0","catalog_name":"philippines","name":"Colosas Fault","slip_type":"Sinistral","strike_slip_rate":"None"},"geometry":{"type":"LineString","coordinates":[[125.5705326,7.427848845],[125.5140309,7.526893026]]}},{"type":"Feature","properties":{"catalog_id":"PHL_1","catalog_name":"philippines","name":"Colosas Fault"},"geometry":{"type":"LineString","coordinates":[[125.5705326,7.427848845],[125.5140309,7.526893026]]}},{"type":"Feature","properties":{"catalog_id":"PHL_2","catalog_name":"philippines","name":"Dacudao Fault","slip_type":"Sinistral","strike_slip_rate":"None"},"geometry":{"type":"LineString","coordinates":[[125.4346111,7.247510692],[125.4347477,7.242887102],[125.4369878,7.237649815],[125.4396083,7.234822369],[125.4409751,7.226297153],[125.4475387,7.224760043],[125.4541745,7.217256833],[125.4707937,7.201214233],[125.4707937,7.201214233],[125.474939,7.136832761],[125.50406,7.090832742],[125.537961,7.068232056],[125.5439435,7.057596439]]}},{"type":"Feature","properties":{"average_dip":"(35,,)","catalog_id":"PHL_3","catalog_name":"philippines","dip_dir":"W","name":"Central Cebu Fault","net_slip_rate":"(2.0, 1.0, 3.0)","slip_type":"Reverse","downthrown_side_dir":"E"},"geometry":{"type":"LineString","coordinates":[[123.9538214,10.52186341],[123.9513101,10.51919008],[123.948502,10.51406672],[123.946972,10.51021662],[123.9453287,10.50790927],[123.9432945,10.50266307],[123.9321002,10.48354978],[123.9279059,10.47790381],[123.9242669,10.47006373],[123.9204175,10.46320593],[123.9122555,10.42663445],[123.9069973,10.41703474],[123.9007355,10.39798008],[123.9002439,10.39275173],[123.8946724,10.37703553],[123.8687737,10.3337389],[123.8515432,10.32078611],[123.8459484,10.31514654],[123.8327475,10.30770477],[123.8164247,10.30351788],[123.8103174,10.29903352],[123.802576,10.29523656],[123.7988658,10.29284611],[123.7765616,10.28373152],[123.768224,10.28052143],[123.7338847,10.26732575],[123.7059489,10.24612259]]}},{"type":"Feature","properties":{"average_dip":"(35,,)","catalog_id":"PHL_4","catalog_name":"philippines","dip_dir":"W","name":"East Negros Fault North","net_slip_rate":"(2.0, 1.0, 3.0)","slip_type":"Reverse","downthrown_side_dir":"E"},"geometry":{"type":"LineString","coordinates":[[123.4963992,10.72408127],[123.4960332,10.72347509],[123.4955313,10.72250607],[123.495105,10.72182586],[123.4947338,10.72136167],[123.4945043,10.72094244],[123.4944432,10.72040821],[123.4945825,10.71997947],[123.4945999,10.71965372],[123.4945656,10.71915388],[123.494533,10.71847417],[123.4945806,10.71768772],[123.4946772,10.71702756],[123.4947577,10.71638242],[123.4949362,10.71578635],[123.4954774,10.71494506],[123.4958439,10.7144156],[123.4961875,10.71380618],[123.4965285,10.71325398],[123.4967713,10.71243288],[123.4970474,10.71165655],[123.4972906,10.71101329],[123.4977422,10.70809666],[123.4976922,10.70764511],[123.4976254,10.70684504],[123.4974252,10.70604994],[123.4973374,10.70551231],[123.4972273,10.70477612],[123.4972067,10.70402962],[123.4969922,10.70347752],[123.496395,10.7010737],[123.4963271,10.70052384],[123.4962302,10.6997225],[123.496163,10.69860881],[123.4961628,10.69809522],[123.4961656,10.69748968],[123.4961283,10.69684408],[123.4961386,10.69615353],[123.4960864,10.69537258],[123.4959868,10.69489696],[123.4960559,10.69491487],[123.4959459,10.69447187],[123.4958644,10.69311769],[123.4958364,10.69226677],[123.4958129,10.69138678],[123.4957704,10.69054498],[123.495687,10.69019925],[123.4955347,10.68976565],[123.4953866,10.68955818],[123.4952958,10.68905367],[123.4951128,10.68854665],[123.4947494,10.68780122],[123.4945116,10.68680892],[123.4943411,10.68620733],[123.4937907,10.68573807],[123.4933951,10.68464324],[123.4929162,10.6835861],[123.4925285,10.68277429],[123.4918969,10.68148175],[123.4915574,10.68058201],[123.4911787,10.67934877],[123.4907288,10.67751131],[123.4904375,10.67655533],[123.4896108,10.67392409],[123.4893677,10.67315856],[123.4892695,10.67220164],[123.4891227,10.67119682],[123.4889766,10.67057489],[123.4890958,10.63437504],[123.4873127,10.63237815],[123.4873088,10.63237375],[123.4856101,10.62887679],[123.4849726,10.6272028],[123.4845165,10.62558828],[123.4825171,10.6230489],[123.4818487,10.62216422],[123.4804974,10.62094985],[123.4791007,10.61984188],[123.4775152,10.61822479],[123.4756014,10.61593248],[123.4736627,10.61361223],[123.4701309,10.61149446],[123.4657825,10.60887057],[123.4647284,10.60811998],[123.4631442,10.60680054],[123.4616565,10.60579522],[123.4597172,10.60446441],[123.3919662,10.58538597],[123.3927186,10.58381487],[123.3930076,10.58262809],[123.3928511,10.58128832],[123.3930424,10.57916407],[123.3925758,10.57761328],[123.3930967,10.57654047],[123.39327,10.57579371],[123.3931331,10.57466447],[123.3933378,10.57347062],[123.3934723,10.57260825],[123.3936636,10.57045232],[123.3934681,10.56939696],[123.3933404,10.56878761],[123.3933943,10.56833781],[123.3942052,10.56713341],[123.3949686,10.56588529],[123.3956214,10.56473689],[123.3959827,10.56359982],[123.3960722,10.56258274],[123.3961055,10.56070717],[123.3965024,10.55900175],[123.3971821,10.55740342],[123.3979059,10.55603858],[123.3985207,10.5545662],[123.3981554,10.55252073],[123.3975002,10.55083414],[123.3974978,10.55082688],[123.3971362,10.5497223],[123.3975749,10.54652122],[123.397149,10.54489682],[123.3965083,10.54388184],[123.395905,10.5425134],[123.3957815,10.54223334],[123.3957807,10.54223147],[123.3955166,10.54169387],[123.3952177,10.54108392],[123.3950534,10.54074887],[123.3945199,10.53952915],[123.3941645,10.53777762],[123.3940739,10.53741671],[123.3933481,10.53456293],[123.392278,10.53235749],[123.3918406,10.53063514],[123.3916567,10.52855354],[123.3916912,10.52715366],[123.3911816,10.52564675],[123.3908531,10.52396016],[123.3911421,10.52306247],[123.3915985,10.52057331],[123.3916573,10.51919733],[123.3911705,10.51662555],[123.3911684,10.51495053],[123.3909849,10.51309646],[123.3905519,10.51147059],[123.3903065,10.51085413],[123.389981,10.51013257],[123.3896253,10.50938891],[123.3894796,10.50881479],[123.3894304,10.50824053],[123.3893798,10.50810938],[123.3889375,10.50698952],[123.3886972,10.50631357],[123.3884844,10.50570521],[123.3880965,10.50489209],[123.3877628,10.50433218],[123.3873696,10.50362472],[123.3871998,10.50314634],[123.3869333,10.5027279],[123.3862299,10.50093406],[123.3862046,10.49995301],[123.3859121,10.49806296],[123.3849674,10.49659245],[123.3847973,10.49592264],[123.384675,10.49472633],[123.3839263,10.49338577],[123.3833621,10.49171739],[123.3831435,10.4908921],[123.3833641,10.48982263],[123.3821045,10.48855058],[123.380507,10.48678224],[123.3796716,10.48549725],[123.379411,10.48509118],[123.3787865,10.48406671],[123.378254,10.48319527],[123.3776715,10.4813295],[123.3774625,10.48085368],[123.3762222,10.47915466],[123.3751783,10.47858049],[123.3745289,10.47815464],[123.3731451,10.47652526],[123.3717652,10.47530582],[123.3710403,10.47449384],[123.3707939,10.47432427],[123.3695714,10.47321971],[123.3686663,10.472198],[123.3678161,10.47094986],[123.3669824,10.46963993],[123.3661683,10.46900851],[123.3648561,10.46760628],[123.3645757,10.46715999],[123.3640113,10.46654769],[123.363433,10.46599579],[123.3628781,10.46555513],[123.3621927,10.46513208],[123.3609721,10.46421255],[123.3438927,10.41139562],[123.3430798,10.41070731],[123.3426151,10.41013349],[123.3418602,10.40944512],[123.3415117,10.40904347],[123.3406405,10.40812549],[123.3398277,10.4074946],[123.3390731,10.40709336],[123.3384346,10.40669201],[123.3375635,10.40583145],[123.3373306,10.40508509],[123.3366386,10.4036745],[123.3349815,10.40113209],[123.3348361,10.40084509],[123.334582,10.4005223],[123.3342641,10.3999244],[123.3334922,10.39847745],[123.3331033,10.39816554],[123.3328451,10.39755815],[123.3321123,10.39646878],[123.331713,10.39593078],[123.330805,10.39442415],[123.3298839,10.39312852],[123.329012,10.39140648],[123.3279961,10.39068962],[123.3258913,10.38868164],[123.3252722,10.38757274],[123.325104,10.38584308],[123.3242692,10.38304324],[123.3235608,10.38184954],[123.3235608,10.38184953],[123.3226862,10.38082074],[123.3199683,10.3801239],[123.3192741,10.37894288],[123.3185226,10.37740358],[123.3182932,10.37693377],[123.3176391,10.37535506],[123.3165134,10.37345375],[123.316061,10.37300478],[123.3138581,10.37172707],[123.3133015,10.37123881],[123.3123405,10.36968884],[123.3119406,10.36846882],[123.3115096,10.36775135],[123.3105613,10.3667831],[123.3092185,10.3653127],[123.3082386,10.36412911],[123.3074037,10.36298127],[123.3066414,10.36194105],[123.306013,10.36105958],[123.3058163,10.36062604],[123.3056346,10.36023736],[123.3051048,10.35898155],[123.3045443,10.35726214],[123.3041357,10.35652968],[123.3040524,10.35630349],[123.3038376,10.3556598],[123.303401,10.35467105],[123.3030718,10.35417269],[123.302628,10.35373408],[123.302115,10.35287103],[123.301373,10.35200671],[123.3001734,10.3501722],[123.2994658,10.34934727],[123.2984653,10.34543578],[123.2975582,10.34450328],[123.2966073,10.34340818],[123.2957723,10.342027],[123.2943566,10.33989255],[123.2910178,10.33573176],[123.2903638,10.33522358],[123.2901219,10.3349845],[123.2897829,10.33426691],[123.2892991,10.33369302],[123.2888635,10.33302338],[123.2883798,10.33264093],[123.2877901,10.33195892],[123.2867736,10.33023688],[123.2859024,10.3290171],[123.2851042,10.32801287],[123.2840156,10.32679339],[123.2832901,10.32607613],[123.2828543,10.32521503],[123.2809756,10.32345879],[123.2798658,10.32204845],[123.2788955,10.31981807],[123.2777623,10.31750657],[123.2772238,10.3162999],[123.277022,10.31584779],[123.2762808,10.31448711],[123.2755393,10.31272292],[123.2753563,10.31065915],[123.2736152,10.30554564],[123.2721791,10.30266041],[123.2713461,10.30107565],[123.2704993,10.29982004],[123.2695013,10.29822055],[123.268594,10.29681542],[123.2678527,10.29530546],[123.2669908,10.29394515],[123.2669874,10.29393911],[123.2659926,10.29215123],[123.263386,10.29218021],[123.2624068,10.29142719],[123.261572,10.28988439],[123.2603747,10.28834186],[123.25954,10.28701441],[123.2577988,10.28514925],[123.2568192,10.28389369]]}},{"type":"Feature","properties":{"average_dip":"(65,,)","catalog_id":"PHL_5","catalog_name":"philippines","dip_dir":"E","name":"General Nakar West","net_slip_rate":"(4.0, 2.0, 6.0)","slip_type":"Dextral-Normal","downthrown_side_dir":"E"},"geometry":{"type":"LineString","coordinates":[[121.3812777,15.37055059],[121.3498097,15.11428453],[121.3541006,14.94280196],[121.3901832,14.84887321],[121.3884215,14.7641036],[121.4004752,14.7050343]]}},{"type":"Feature","properties":{"catalog_id":"PHL_6","catalog_name":"philippines","name":"Guinayangan Fault East","slip_type":"Sinistral","strike_slip_rate":"None"},"geometry":{"type":"LineString","coordinates":[[122.2534346,14.02671962],[122.3408903,13.93873069],[122.5136685,13.793149]]}},{"type":"Feature","properties":{"average_dip":"(35.,,)","catalog_id":"PHL_7","catalog_name":"philippines","dip_dir":"S","name":"East Bohol Fault","net_slip_rate":"(1.0, 0.5, 1.5)","slip_type":"Reverse","downthrown_side_dir":"N"},"geometry":{"type":"LineString","coordinates":[[124.3758057,9.852339374],[124.374087,9.850784183],[124.3713378,9.848520201],[124.3699296,9.847642513],[124.3677309,9.845986364],[124.3655335,9.8448742],[124.3626838,9.842642604],[124.358693,9.838889341],[124.3557711,9.835676844],[124.354772,9.834827636],[124.353808,9.833779372],[124.3526384,9.832391857],[124.3490953,9.828864524],[124.3478496,9.828048956],[124.3471075,9.827272956],[124.3462761,9.826819435],[124.3431297,9.823631914],[124.3420269,9.822219616],[124.3410944,9.820945646],[124.3398428,9.819670338],[124.3397032,9.819305289],[124.3387331,9.818714961],[124.3374278,9.817568952],[124.3365194,9.816855465],[124.3337915,9.814853102],[124.3322605,9.813211049],[124.3311959,9.811890986],[124.3300396,9.810706032],[124.328435,9.809578196],[124.3271482,9.808745282],[124.3226832,9.805028163],[124.3179223,9.802796882],[124.3166451,9.801827464],[124.3147807,9.800310216],[124.3135018,9.799800873],[124.3125769,9.799391763],[124.310926,9.79843622],[124.3085141,9.797301405],[124.3063846,9.79640303],[124.305517,9.795812968],[124.3045915,9.795465914],[124.303594,9.794775815],[124.3028051,9.794179122],[124.3022991,9.793966201],[124.301831,9.793609057],[124.3003875,9.792687169],[124.2999212,9.7923018],[124.2987627,9.79165363],[124.2981126,9.791057297],[124.2974007,9.790705599],[124.2964162,9.790025102],[124.295621,9.789420399],[124.2948991,9.788685916],[124.2929055,9.787023502],[124.2904713,9.785404208],[124.2900103,9.784949686],[124.2877158,9.78346837],[124.2871839,9.783076689],[124.2859858,9.782457689],[124.2851372,9.782067857],[124.2845604,9.781834333],[124.2839237,9.781553354],[124.2825744,9.78054913],[124.2817395,9.780058368],[124.2805678,9.779449603],[124.2796149,9.778802741],[124.2793889,9.778637456],[124.2790562,9.778381753],[124.2784837,9.777849999],[124.2777702,9.777246676],[124.2769118,9.776434711],[124.2749783,9.775442088],[124.2733904,9.774210667],[124.2726649,9.773292128],[124.2720735,9.772741862],[124.2713795,9.77205912],[124.2709849,9.77176784],[124.2702848,9.771183758],[124.2695652,9.770465859],[124.2686324,9.769615877],[124.2673621,9.768590519],[124.2667365,9.767893655],[124.2660289,9.767347778],[124.2650949,9.766337395],[124.263593,9.764495469],[124.2628825,9.763925445],[124.2621886,9.763008465],[124.2606969,9.761830949],[124.2591898,9.760514575],[124.257939,9.75946579],[124.2537908,9.755313592],[124.2519064,9.752930783],[124.2511261,9.751844357],[124.2504229,9.751239519],[124.2481444,9.748501543],[124.2456408,9.744502802],[124.2438036,9.740177782],[124.2410772,9.735054325],[124.2370483,9.729783987],[124.2335615,9.724339027],[124.2308793,9.72093976],[124.2289423,9.718245208],[124.2280362,9.717086892],[124.2269212,9.715773285],[124.2252214,9.714552096],[124.2225474,9.712105805],[124.2185171,9.709643397],[124.2147711,9.706282455],[124.2110827,9.703431681],[124.2061713,9.700308219],[124.2020082,9.696989559],[124.1986269,9.693978183],[124.1974551,9.69324016],[124.1964187,9.692218297],[124.1954846,9.690972886],[124.1941222,9.689540034],[124.1936004,9.688807261],[124.1916443,9.686397364],[124.1876195,9.681898323],[124.1850814,9.680036926],[124.1822929,9.678117102],[124.1771208,9.675251274],[124.1741421,9.673311685],[124.1730296,9.672360251],[124.1719889,9.671614121],[124.1700764,9.669917642],[124.1677247,9.668503664],[124.166458,9.667667631],[124.1655515,9.666824835],[124.1645633,9.666002503],[124.1618361,9.66399142],[124.1601971,9.662940496],[124.156893,9.661124292],[124.1549297,9.659679874],[124.1536726,9.658960737],[124.1500387,9.65664275],[124.1465686,9.654674506],[124.1427891,9.652065688],[124.1419656,9.651591839],[124.1399898,9.650789781],[124.1381822,9.649922093],[124.1373005,9.649587025],[124.1353517,9.64855607],[124.1329918,9.646903703],[124.1289547,9.644440601],[124.1251185,9.642450333],[124.1222822,9.64064016],[124.1121661,9.634455997],[124.1037999,9.63093334],[124.1017211,9.62973558],[124.0986832,9.628151093],[124.0913764,9.623857652],[124.087893,9.621739597],[124.0830829,9.618163272],[124.0774286,9.614046082],[124.0627952,9.604486896],[124.0504179,9.598658015],[124.0365893,9.593325878]]}},{"type":"Feature","properties":{"catalog_id":"PHL_8","catalog_name":"philippines","name":"General Nakar East","slip_type":"Sinistral","strike_slip_rate":"None"},"geometry":{"type":"LineString","coordinates":[[121.3668803,15.19094803],[121.3997957,15.14207365],[121.4516624,15.0912044],[121.4915598,15.02836591],[121.4925085,14.87368786],[121.4980449,14.82605271],[121.534609,14.74705793],[121.5374419,14.67028625]]}},{"type":"Feature","properties":{"average_dip":"(65,,)","catalog_id":"PHL_9","catalog_name":"philippines","dip_dir":"E","name":"New Carmen Fault","net_slip_rate":"(2.0, 1.0, 3.0)","slip_type":"Sinistral-Reverse","downthrown_side_dir":"W"},"geometry":{"type":"LineString","coordinates":[[125.5280501,7.203515314],[125.5377141,7.186352408],[125.5449221,7.159770342],[125.5449505,7.138209224],[125.5479919,7.112537825],[125.5539144,7.100803632]]}},{"type":"Feature","properties":{"average_dip":"(65,,)","catalog_id":"PHL_10","catalog_name":"philippines","dip_dir":"E","name":"Pangyan Biao Escuela Fault","net_slip_rate":"(2.0, 1.0, 3.0)","slip_type":"Sinistral-Reverse","downthrown_side_dir":"W"},"geometry":{"type":"LineString","coordinates":[[125.533024,7.122171819],[125.5247389,7.130616431],[125.5157851,7.142750425],[125.5098648,7.151548882],[125.509778,7.155117593],[125.50492,7.172536456],[125.5000684,7.183700644],[125.5013481,7.194269135],[125.4922846,7.205243015],[125.4850369,7.226753171],[125.4849685,7.234824811],[125.4795321,7.248215874],[125.4774709,7.280279664],[125.4774709,7.328139939],[125.4788004,7.350075898],[125.4714884,7.403918708]]}},{"type":"Feature","properties":{"catalog_id":"PHL_11","catalog_name":"philippines","name":"Guinayangan Fault West","slip_type":"Sinistral","strike_slip_rate":"None"},"geometry":{"type":"LineString","coordinates":[[122.2104005,13.88539536],[122.2541716,13.84218787],[122.3291584,13.78941614],[122.3876199,13.7274876],[122.4609513,13.66917092]]}},{"type":"Feature","properties":{"catalog_id":"PHL_12","catalog_name":"philippines","name":"Lacson Fault","net_slip_rate":"(1.0, 0.5, 1.5)","slip_type":"Sinistral"},"geometry":{"type":"LineString","coordinates":[[125.4412618,7.224733538],[125.4425393,7.221189318],[125.4450569,7.217994977],[125.447061,7.209483966],[125.4472357,7.201246897],[125.4482331,7.194339651],[125.4476817,7.188420523],[125.4508088,7.182088828],[125.458274,7.170646093],[125.4617344,7.163548749],[125.4616302,7.159127584],[125.4652038,7.142779069],[125.4814593,7.104127262],[125.4900143,7.075851399],[125.4892499,7.060256042],[125.4910978,7.044301919],[125.4863426,7.004950352],[125.474266,6.956750124],[125.4708237,6.935951574]]}},{"type":"Feature","properties":{"average_dip":"(35.,,)","catalog_id":"PHL_13","catalog_name":"philippines","dip_dir":"W","name":"Southern Negros Fault Sytem West","net_slip_rate":"(2.0, 1.0, 3.0)","slip_type":"Reverse","downthrown_side_dir":"E"},"geometry":{"type":"LineString","coordinates":[[123.0075868,9.107955141],[123.0076195,9.108925323],[123.0077846,9.11720034],[123.0077627,9.121496437],[123.0091511,9.125403486],[123.0098742,9.128494278],[123.0100722,9.1315756],[123.0097695,9.133332465],[123.0098456,9.134931362],[123.0100712,9.135389965],[123.011246,9.136567303],[123.0127066,9.137574964],[123.0134927,9.13907518],[123.0136958,9.139756589],[123.0134825,9.140869399],[123.0132093,9.142087886],[123.0143781,9.142640592],[123.0152156,9.14309687],[123.0153677,9.144745624],[123.0158742,9.146927044],[123.0173431,9.148795615],[123.0178468,9.150772971],[123.018701,9.152915855],[123.0187307,9.154697725],[123.0184805,9.157077127],[123.0173162,9.161806844],[123.0172801,9.163027344],[123.0176053,9.163924765],[123.0176414,9.164750396],[123.0173163,9.165935006],[123.0173163,9.166760638],[123.0170635,9.167837554],[123.0173164,9.168519594],[123.0176415,9.169740087],[123.0175275,9.170771677],[123.0174038,9.171687256],[123.0170623,9.172764394],[123.0167559,9.173635894],[123.0159035,9.174332712],[123.0143609,9.176614547],[123.0141418,9.177770411],[123.0138598,9.179110501],[123.0137692,9.179795135],[123.0143614,9.181597002],[123.0150127,9.182502906],[123.0157749,9.183639687],[123.0161681,9.185650574],[123.0165129,9.18686998],[123.0166846,9.188236995],[123.0168485,9.189214767],[123.0171288,9.191278575],[123.0187053,9.194100253],[123.0186968,9.19551494],[123.0188163,9.19665137],[123.0191808,9.197436786],[123.0192401,9.198564161],[123.0190356,9.200238656],[123.0186954,9.201319798],[123.0189596,9.20347941],[123.0190544,9.206472091],[123.0186664,9.209654633],[123.0182371,9.212682619],[123.0180488,9.213827037],[123.0179155,9.215114119],[123.0175393,9.21634573],[123.0170613,9.217720627],[123.0157706,9.219459456],[123.0147529,9.221409891],[123.0131769,9.224752847],[123.0127239,9.226268166],[123.0121656,9.227347814],[123.0110579,9.228398176],[123.0100507,9.230183101],[123.0090504,9.233422865],[123.0087389,9.235105813],[123.0081456,9.237104136],[123.0073841,9.238742693],[123.0071013,9.240122226],[123.0071486,9.241667017],[123.0073728,9.243467256],[123.0068473,9.24613224],[123.0066173,9.248338118],[123.005829,9.250499905],[123.0051553,9.252597571],[123.0047601,9.254216384],[123.0046934,9.255517021],[123.003832,9.260551127],[123.0037271,9.261314054],[123.003534,9.26826981],[123.0028643,9.271146348],[123.0024681,9.272936179],[123.0023266,9.274588022],[123.0021471,9.275884477],[123.0022715,9.277147813],[123.0023366,9.279374026],[123.0019428,9.282720975]]}},{"type":"Feature","properties":{"average_dip":"(55,,)","catalog_id":"PHL_14","catalog_name":"philippines","dip_dir":"S","name":"Tabuan River Fault","net_slip_rate":"(2.0, 1.0, 3.0)","slip_type":"Normal","downthrown_side_dir":"S"},"geometry":{"type":"LineString","coordinates":[[121.6328434,17.96520604],[121.6692273,17.98351671],[121.7260036,17.9910999],[121.8141008,18.04004318],[121.9326243,18.04479739],[122.0277108,18.06568843],[122.0993614,18.09750405],[122.1818973,18.11930252]]}},{"type":"Feature","properties":{"average_dip":"(35.,,)","catalog_id":"PHL_15","catalog_name":"philippines","dip_dir":"E","name":"South Cebu Fault","net_slip_rate":"(1.0, 0.5, 1.5)","slip_type":"Reverse","downthrown_side_dir":"W"},"geometry":{"type":"LineString","coordinates":[[123.6056134,10.13504305],[123.5986696,10.12563034],[123.5947094,10.11326969],[123.5927897,10.09861248],[123.5877077,10.09138039],[123.5835481,10.08868304],[123.575019,10.06794077],[123.5608515,10.041199],[123.5577997,10.03824531],[123.5552542,10.02475968],[123.5558004,10.00922491],[123.5429415,9.991372545],[123.5164417,9.970554481],[123.5023925,9.956069129],[123.4932618,9.934589177],[123.4893877,9.915318796],[123.4799939,9.903376585],[123.469997,9.882186037],[123.4586576,9.862140186],[123.456755,9.847029916],[123.4563172,9.783959264],[123.4467158,9.755438922],[123.4380403,9.722830349],[123.4386088,9.716385562],[123.4282098,9.697800319],[123.4237998,9.669305061]]}},{"type":"Feature","properties":{"catalog_id":"PHL_16","catalog_name":"philippines","name":"Southern Negros Fault System East"},"geometry":{"type":"LineString","coordinates":[[123.1612077,9.135530946],[123.1600246,9.134867025],[123.1597384,9.134594162],[123.159612,9.134574352],[123.1587045,9.133913244],[123.1580039,9.133300947],[123.1572935,9.132750534],[123.1564503,9.131763706],[123.1563549,9.131541074],[123.1553272,9.13056129],[123.1535928,9.129126097],[123.149474,9.126255936],[123.1470174,9.125108162],[123.1444162,9.123601455],[123.1373781,9.106613148],[123.1369782,9.106541117],[123.1362017,9.106254238],[123.1356958,9.105913362],[123.135172,9.105464828],[123.1347202,9.104963614],[123.1340337,9.103921641],[123.133293,9.103024464],[123.1317397,9.102271146],[123.1297447,9.101659288],[123.1266441,9.100546389],[123.1220747,9.099356964],[123.120229,9.098308398],[123.117975,9.09756241],[123.1163568,9.096816223],[123.1154716,9.096239259],[123.1134632,9.095326997],[123.1106352,9.094558714]]}},{"type":"Feature","properties":{"average_dip":"(35,,)","catalog_id":"PHL_17","catalog_name":"philippines","dip_dir":"E","name":"Dilasag-Casiguran","net_slip_rate":"(2.0, 1.0, 3.0)","slip_type":"Reverse","downthrown_side_dir":"W"},"geometry":{"type":"LineString","coordinates":[[122.2141235,16.40513829],[122.2033565,16.39525232],[122.1931041,16.38314005],[122.1881524,16.37662021],[122.1764143,16.3618728],[122.162085,16.33075306],[122.1564128,16.32077967],[122.1555223,16.31844603],[122.1547698,16.31677553],[122.1529157,16.31359473],[122.1511252,16.31193968],[122.1500297,16.30957225],[122.1493421,16.30797228],[122.1480865,16.30616055],[122.1465513,16.30468805],[122.1460163,16.30373749],[122.1449285,16.30250223],[122.1440197,16.3013001],[122.1414008,16.29735154],[122.1399984,16.29601751],[122.1383678,16.2948634],[122.1368869,16.29290461],[122.1334828,16.2893713],[122.1270376,16.28138006],[122.1263662,16.28071216],[122.1251428,16.2792689]]}},{"type":"Feature","properties":{"average_dip":"(35.,,)","catalog_id":"PHL_18","catalog_name":"philippines","dip_dir":"W","name":"Dinalungan-Dipaculao","net_slip_rate":"(2.0, 1.0, 3.0)","slip_type":"Reverse","downthrown_side_dir":"E"},"geometry":{"type":"LineString","coordinates":[[121.9323806,16.10534861],[121.8584071,16.05649204],[121.8583089,16.05641746],[121.7659097,15.98958481],[121.7127382,15.94595977],[121.6589012,15.90951152]]}},{"type":"Feature","properties":{"average_dip":"(35.,,)","catalog_id":"PHL_19","catalog_name":"philippines","dip_dir":"W","name":"Palanan-Dinapigue","net_slip_rate":"(2.0, 1.0, 3.0)","slip_type":"Reverse","downthrown_side_dir":"E"},"geometry":{"type":"LineString","coordinates":[[122.5669363,17.22387563],[122.5319888,17.1135854],[122.5139031,17.02965903],[122.4731595,16.91314516],[122.4210808,16.79611929],[122.3846344,16.72511633],[122.2787013,16.52881852]]}},{"type":"Feature","properties":{"average_dip":"(55,,)","catalog_id":"PHL_20","catalog_name":"philippines","dip_dir":"E","name":"Dinapigue North","net_slip_rate":"(2.0, 1.0, 3.0)","slip_type":"Reverse","downthrown_side_dir":"W"},"geometry":{"type":"LineString","coordinates":[[122.2769701,16.80061709],[122.2859885,16.7684087],[122.288201,16.74784202],[122.2851833,16.72802743],[122.2862138,16.7115432],[122.284092,16.67955486],[122.2847497,16.66676716],[122.275663,16.52414181]]}},{"type":"Feature","properties":{"catalog_id":"PHL_21","catalog_name":"philippines","name":"West Compostela Valley Fault","slip_type":"Sinistral","strike_slip_rate":"None"},"geometry":{"type":"LineString","coordinates":[[125.9178519,7.990871803],[125.9045574,7.687756728],[125.9138636,7.502962888]]}},{"type":"Feature","properties":{"average_dip":"(65,,)","catalog_id":"PHL_22","catalog_name":"philippines","dip_dir":"S","name":"Tangbulan Fault","net_slip_rate":"(2.0, 1.0, 3.0)","slip_type":"Sinistral-Reverse","downthrown_side_dir":"N"},"geometry":{"type":"LineString","coordinates":[[125.3015969,6.618256262],[125.3743496,6.568484751],[125.4283804,6.527367653],[125.4933442,6.500327482],[125.54946,6.486276373],[125.5814299,6.463553975],[125.6255097,6.436505867]]}},{"type":"Feature","properties":{"average_dip":"(55,35,70)","catalog_id":"PHL_23","catalog_name":"philippines","dip_dir":"E","name":"Tubao Fault","slip_type":"Reverse-Dextral","downthrown_side_dir":"W","strike_slip_rate":"(6.85, 3.425, 10.275)","shortening_rate":"(12.7, 6.35, 19.049999999999997)"},"geometry":{"type":"LineString","coordinates":[[120.5398859,16.95204358],[120.537227,16.73135454],[120.5319092,16.46014631]]}},{"type":"Feature","properties":{"catalog_id":"PHL_24","catalog_name":"philippines","name":"West Ilocos Fault System FW"},"geometry":{"type":"LineString","coordinates":[[120.7084476,18.52724798],[120.6650067,18.46732405],[120.6171822,18.37763253]]}},{"type":"Feature","properties":{"average_dip":"(65,,)","catalog_id":"PHL_25","catalog_name":"philippines","dip_dir":"W","name":"West Panay Fault","net_slip_rate":"(5.0, 2.5, 7.5)","slip_type":"Sinistral-Reverse","downthrown_side_dir":"E"},"geometry":{"type":"LineString","coordinates":[[122.1301833,11.81469504],[122.1349772,11.80111394],[122.1395042,11.79312542],[122.1449631,11.78154121],[122.1447971,11.78055228],[122.1526,11.7590027],[122.1572989,11.74672152],[122.1720554,11.71037103],[122.1877875,11.67426128],[122.2020564,11.64361729],[122.215284,11.57824167],[122.2194949,11.55094251],[122.2256128,11.52708518],[122.2307476,11.50423064],[122.2626937,11.32181793],[122.293999,11.18817593],[122.3048347,11.12316134],[122.358902,11.0279567],[122.346633,10.96356324],[122.3312986,10.90912994],[122.2998634,10.85393087],[122.2684275,10.81329813],[122.2470314,10.78426573],[122.2244866,10.75634375],[122.219804,10.75055316],[122.1987421,10.72447741],[122.1541895,10.66610345],[122.1150845,10.61933389]]}},{"type":"Feature","properties":{"average_dip":"(45,,)","catalog_id":"PHL_26","catalog_name":"philippines","dip_dir":"E","name":"West Ilocos Fault System E","slip_type":"Sinistral-Reverse","downthrown_side_dir":"W","strike_slip_rate":"None","shortening_rate":"(3.2,-3.3,9.3)"},"geometry":{"type":"LineString","coordinates":[[120.8110566,18.44714477],[120.8091887,18.41752998],[120.8017351,18.38728045],[120.7902193,18.34205126],[120.7955148,18.26771504],[120.7884058,18.21116946],[120.8101317,18.14067791],[120.8069581,18.07758553],[120.7942271,18.03857671],[120.763089,18.02424989],[120.7409883,17.98052061],[120.7166266,17.94722967],[120.7130529,17.9290703],[120.6949731,17.91086856],[120.6356348,17.88789127]]}},{"type":"Feature","properties":{"average_dip":"(35,,)","catalog_id":"PHL_27","catalog_name":"philippines","dip_dir":"E","name":"West Ilocos Fault System W","net_slip_rate":"(16.4, 8.2, 24.599999999999998)","slip_type":"Reverse","downthrown_side_dir":"W","shortening_rate":"(1.,,)"},"geometry":{"type":"LineString","coordinates":[[120.7150405,18.49490163],[120.7174774,18.48335747],[120.7202814,18.47463698],[120.7251728,18.46618701],[120.7255348,18.4651924],[120.7253773,18.44404663],[120.7263048,18.43972986],[120.7278984,18.43405873],[120.728988,18.42451502],[120.7286819,18.41783252],[120.7291819,18.41423221],[120.7265704,18.40755351],[120.7215039,18.40283675],[120.7157385,18.39846946],[120.7159132,18.39130665],[120.7155637,18.38484311],[120.7145154,18.37628303],[120.7147237,18.37372313],[120.7099737,18.35363191],[120.7080662,18.33962113],[120.7080748,18.33828233],[120.7077597,18.33619339],[120.7058074,18.33091323],[120.7008685,18.31265011],[120.6983009,18.29608655],[120.6845105,18.27793945],[120.6822401,18.26446948],[120.6805245,18.24325064],[120.6753982,18.22675841],[120.6724295,18.18226718],[120.6683979,18.17356883],[120.6680655,18.16547189],[120.6656982,18.15056909],[120.6644995,18.14775758],[120.663274,18.13964405],[120.6317006,18.0814863],[120.6207542,18.0428719],[120.61462,18.03006012],[120.611207,18.02567441],[120.599524,18.01604761],[120.5940266,18.00769363],[120.5880139,17.99582805],[120.5745958,17.97641091],[120.5671818,17.97101095],[120.5529163,17.94500915],[120.5450908,17.93791023],[120.5356595,17.91707439],[120.52411,17.91048397],[120.5225466,17.90598489],[120.5196346,17.89813175],[120.5172448,17.88967441],[120.5158942,17.88575628],[120.5137216,17.8783323],[120.512939,17.8715167],[120.5123918,17.85517391],[120.5112729,17.84170283],[120.5111051,17.84148336],[120.5100044,17.83176687],[120.5090729,17.82433617],[120.5065557,17.78445016],[120.500043,17.72708987],[120.4990878,17.70677603],[120.4965835,17.68996216],[120.4939019,17.6834585],[120.4915138,17.67506739],[120.4904055,17.66727969],[120.4882277,17.65819459],[120.487686,17.65485704],[120.4842984,17.64524857],[120.4827061,17.63899147],[120.4761474,17.62211119],[120.4746159,17.61562603],[120.4735375,17.60695482],[120.4695929,17.58758213],[120.4671968,17.57813565],[120.4633605,17.56424081],[120.462643,17.56229659],[120.4605112,17.55861549],[120.4576465,17.55195835],[120.4581689,17.54976346],[120.4570315,17.54027224],[120.4534023,17.52270893],[120.4489284,17.49775129],[120.4488237,17.4976649],[120.4431393,17.4787716],[120.4410345,17.47011086],[120.4410358,17.47002187],[120.4337633,17.45080748]]}},{"type":"Feature","properties":{"catalog_id":"PHL_28","catalog_name":"philippines","name":"Zamboanga Fault System","slip_type":"Dextral","strike_slip_rate":"(1.0, 0.5, 1.5)"},"geometry":{"type":"LineString","coordinates":[[122.5558315,7.948780543],[122.4966325,7.911948389],[122.4438767,7.873922912],[122.3607253,7.813356487],[122.3136392,7.777632653],[122.2796522,7.757049245]]}},{"type":"Feature","properties":{"average_dip":"(35.,,)","catalog_id":"PHL_29","catalog_name":"philippines","dip_dir":"W","name":"East Negros Fault South","net_slip_rate":"(2.0, 1.0, 3.0)","slip_type":"Reverse","downthrown_side_dir":"E"},"geometry":{"type":"LineString","coordinates":[[123.212218,10.14605251],[123.2121697,10.145964],[123.2122658,10.14524605],[123.2123617,10.14407342],[123.212578,10.14227855],[123.2126497,10.14110594],[123.212426,10.13884088],[123.2124257,10.1382522],[123.2122804,10.13766362],[123.2121351,10.13697453],[123.2118012,10.13604147],[123.2115835,10.13551036],[123.2112642,10.13472087],[123.211061,10.13418401],[123.2108868,10.13366723],[123.2107706,10.13332271],[123.2106689,10.1328346],[123.2106686,10.13231772],[123.2103784,10.13171486],[123.2104071,10.13134154],[123.2103922,10.13068108],[123.2102469,10.13010685],[123.2099419,10.12894405],[123.2096657,10.12753714],[123.2095493,10.12676188],[123.209317,10.12600536],[123.2092444,10.12571824],[123.2089828,10.12444054],[123.2086634,10.12349311],[123.2084039,10.12265261],[123.208012,10.12158318],[123.2075042,10.12063586],[123.2069095,10.11965988],[123.206402,10.11901408],[123.2061263,10.11849736],[123.2059231,10.11785137],[123.2057199,10.11734896],[123.2054877,10.11677478],[123.2051396,10.11611452],[123.2048929,10.11564517],[123.2047042,10.11508532],[123.2044574,10.1142527],[123.2043993,10.11396558],[123.204341,10.11352052],[123.2040364,10.11286023],[123.203514,10.1117119],[123.2032936,10.11091708],[123.2029838,10.10990263],[123.2025581,10.10881168],[123.2025961,10.10764387],[123.2025571,10.10710787],[123.2024409,10.10651447],[123.2021313,10.10580633],[123.2019764,10.10515552],[123.2018215,10.10463873],[123.2016473,10.10412194],[123.2017954,10.10293254],[123.2017648,10.10218475],[123.2015526,10.10077898],[123.2018843,10.10012072],[123.2017933,10.09949261],[123.2014607,10.09853561],[123.2010975,10.09692055],[123.200674,10.09527561],[123.2003412,10.09398956],[123.199827,10.09219511],[123.1997056,10.09117816],[123.1994033,10.0903707],[123.1990366,10.08805572],[123.1986994,10.08650047],[123.1988104,10.08472275],[123.198613,10.08258412],[123.1988362,10.08075079],[123.203179,10.07819289],[123.2018321,10.07561052],[123.2005135,10.07339986],[123.1983623,10.0708211],[123.1958577,10.06772559],[123.1941897,10.06503559],[123.193126,10.06283462],[123.1928247,10.06171728],[123.1921823,10.06100587],[123.1919017,10.06031163],[123.1913126,10.05928424],[123.1910285,10.05870364],[123.1902256,10.05757161],[123.1896456,10.05671045],[123.1892703,10.05592628],[123.1887748,10.05383932],[123.1887741,10.05259495],[123.1887736,10.05173347],[123.1881932,10.05001082],[123.1867376,10.04700976],[123.1863723,10.0452323],[123.1861473,10.04384362],[123.1853616,10.0419275],[123.1850529,10.04112216],[123.1848002,10.04028901],[123.1845876,10.03823599],[123.184242,10.03623249],[123.183839,10.03508079],[123.1834523,10.03421951],[123.1796329,10.01979303],[123.178904,10.019099],[123.1783991,10.01821043],[123.177754,10.01721082],[123.1769687,10.01585019],[123.1763794,10.01426725],[123.1760703,10.0126564],[123.1755367,10.01032348],[123.1752556,10.0084904],[123.1751704,10.00632392],[123.1752256,10.00460178],[123.1750572,10.00399079],[123.1745241,10.00263003],[123.1741593,10.00165805],[123.1741026,10.00032482],[123.174046,9.999324914],[123.1754096,9.980603176],[123.1752969,9.979353309],[123.1749314,9.9770203],[123.1748462,9.974742704],[123.1749854,9.972881638],[123.1749836,9.969270747],[123.1748108,9.967176628],[123.1743628,9.965062739],[123.1740004,9.964215984],[123.1734955,9.963077412],[123.1737704,9.961780032],[123.1733355,9.9611102],[123.1728324,9.960223443],[123.1727071,9.959387534],[123.1727607,9.957207239],[123.1726774,9.95437391],[123.1719789,9.951347344],[123.1713505,9.949672535],[123.1711085,9.94833256],[123.1702858,9.94412124],[123.1694159,9.942159379],[123.169183,9.941846375],[123.1688451,9.941392203],[123.1680329,9.938750693],[123.1676274,9.9375262],[123.1676269,9.936492414],[123.1676837,9.935534636],[123.1488515,9.925396341],[123.1490469,9.923813017],[123.1492424,9.922368573],[123.1496061,9.921174045],[123.1497455,9.91953519],[123.1495768,9.918146451],[123.1495482,9.916840981],[123.1495754,9.914841082],[123.1496028,9.913480036],[123.1497984,9.912230025],[123.149826,9.911257846],[123.1493489,9.909258157],[123.1490404,9.908258341],[123.1475543,9.905120241],[123.1463769,9.9029264],[123.1456762,9.902121174],[123.1447513,9.901010497],[123.1441065,9.899733049],[123.1426206,9.89684491],[123.1415273,9.894762122],[123.1402377,9.892068329],[123.1383318,9.889458094],[123.1375189,9.887930709],[123.1360054,9.885542522],[123.135164,9.883015195],[123.1348549,9.880432116],[123.134574,9.878237894],[123.1346573,9.876210194],[123.1343486,9.87484927],[123.1337317,9.873044038],[123.133339,9.871377604],[123.1326659,9.869211299],[123.1321889,9.867100473],[123.1317398,9.864406334]]}},{"type":"Feature","properties":{"catalog_id":"PHL_30","catalog_name":"philippines","name":"West Mindanao Extension Mindanao Fault","slip_type":"Sinistral","strike_slip_rate":"None"},"geometry":{"type":"LineString","coordinates":[[122.6759127,8.76639456],[122.7986523,8.493163858],[122.9588083,8.308365339],[123.0260421,8.264005289],[123.1031418,8.226144741],[123.2552103,8.134182833],[123.76547,7.862838544],[123.8585361,7.819206936],[124.0710862,7.766159615],[124.2261209,7.765488417],[124.4627158,7.772900127],[124.7104118,7.772055311]]}},{"type":"Feature","properties":{"average_dip":"(75,,)","catalog_id":"PHL_31","catalog_name":"philippines","dip_dir":"E","name":"West Valley Fault","slip_type":"Dextral-Normal","reference":"Rimando and Kneupfer, 2006","downthrown_side_dir":"E","vert_sep_rate":"(1.0, 0.5, 1.5)","strike_slip_rate":"(6.,5.,7.)"},"geometry":{"type":"LineString","coordinates":[[121.2054698,15.0220732],[121.1950527,14.96690238],[121.1940202,14.96255456],[121.1919228,14.95621739],[121.18939,14.94476576],[121.1851259,14.92647199],[121.1799007,14.91114805],[121.1780898,14.90450094],[121.1742217,14.88897924],[121.1682806,14.88238328],[121.1623335,14.8669594],[121.1553322,14.85167182],[121.1478879,14.82916142],[121.1441451,14.80441541],[121.1438604,14.80371322],[121.1432203,14.80249098],[121.1428298,14.80183994],[121.1425829,14.80116071],[121.1416072,14.79579494],[121.1393119,14.7727759],[121.137962,14.75923738],[121.0907256,14.65616809],[121.0806225,14.63223971],[121.0669692,14.56441418],[121.0653032,14.55802326],[121.0600314,14.54614509],[121.0561571,14.52293832],[121.054528,14.51656442],[121.0542873,14.50379766],[121.0527245,14.4878941],[121.048134,14.43325907],[121.0490263,14.42646924],[121.0477169,14.40472032],[121.0446975,14.38583577],[121.041138,14.37377852],[121.0400329,14.36344424],[121.0377619,14.35909033],[121.0370776,14.333877],[121.0368013,14.30238984],[121.0383095,14.29112616],[121.0402867,14.28559166],[121.0409529,14.27608745],[121.0397848,14.27318041],[121.0394087,14.26780705],[121.0396281,14.26233886],[121.0372025,14.25662292],[121.0358072,14.25031412],[121.0471798,14.22551708],[121.0453219,14.21522049],[121.0454039,14.21293445],[121.0449907,14.21111771],[121.0442947,14.20936724],[121.0440378,14.20864051],[121.043919,14.20813189],[121.0438094,14.20720475],[121.0437718,14.20673979],[121.0438233,14.20582251],[121.0438077,14.2051729],[121.0436305,14.20453385],[121.043542,14.2040475],[121.0433735,14.20335764],[121.0431767,14.20231795],[121.0430341,14.20196818],[121.0426969,14.20104299],[121.0423386,14.20044064],[121.0422243,14.20009399],[121.041893,14.1988969],[121.0417574,14.1985292],[121.0412752,14.1976134],[121.0406516,14.19574355],[121.0401132,14.19306725],[121.0402294,14.19155182],[121.0402256,14.1909117],[121.040236,14.19081055],[121.0402805,14.19057497],[121.0402867,14.1901845],[121.0403315,14.18995629],[121.0403504,14.18966098],[121.040357,14.18930912],[121.0403247,14.18906189],[121.0403157,14.18878654],[121.0403798,14.18729119],[121.0404325,14.18696096],[121.0405383,14.18663186],[121.0407447,14.1861386],[121.0409941,14.18572955],[121.0416571,14.18424787],[121.0430839,14.18344273],[121.0435033,14.18254952],[121.0438152,14.182197],[121.0441271,14.18173022],[121.0446519,14.18107344],[121.045087,14.18061147],[121.0452584,14.18034421],[121.0453865,14.18024109],[121.0455817,14.17998661],[121.0457806,14.17955206],[121.0463057,14.17869683],[121.0472706,14.17694881],[121.0482709,14.17530053],[121.0485391,14.17470021],[121.0487613,14.17427159],[121.0502048,14.1723003],[121.0506303,14.17175491],[121.0513659,14.17061294],[121.0533096,14.16814969],[121.0541123,14.16717722],[121.0542749,14.16701417]]}},{"type":"Feature","properties":{"catalog_id":"PHL_32","catalog_name":"philippines","dip_dir":"E","name":"Virac","slip_type":"Reverse","downthrown_side_dir":"W","shortening_rate":"(2.0, 1.0, 3.0)"},"geometry":{"type":"LineString","coordinates":[[124.2791431,13.95672487],[124.2614881,13.93812202],[124.2527783,13.93010411],[124.2469835,13.92707257],[124.2450414,13.92433516],[124.2417621,13.92139152],[124.2352174,13.91393048],[124.2166541,13.89899331],[124.1967011,13.89145481],[124.1925326,13.89194653],[124.1842524,13.88947853],[124.1816158,13.88962435],[124.1681182,13.88394662],[124.1364214,13.85411955],[124.1405359,13.82660384],[124.1370816,13.81000858],[124.1385288,13.79956968],[124.1377072,13.78700179],[124.142171,13.77449491],[124.1469601,13.76853184],[124.1532658,13.75449424],[124.1570809,13.74987075],[124.1604287,13.7428108],[124.1605943,13.74086799],[124.16541,13.73397751],[124.1707517,13.72104123],[124.1307238,13.60391462]]}},{"type":"Feature","properties":{"catalog_id":"PHL_33","catalog_name":"philippines","name":"Central Cebu Fault NorthWest"},"geometry":{"type":"LineString","coordinates":[[123.8655303,10.49561182],[123.8598631,10.49018733],[123.855822,10.48367429],[123.8447658,10.46990382],[123.8446919,10.4697985],[123.8418519,10.46574613],[123.8392321,10.46274011],[123.814382,10.44331779],[123.8044001,10.43634625],[123.7987045,10.42925195],[123.793681,10.42369813],[123.7908507,10.42091317],[123.7882575,10.41759358],[123.7805206,10.41149859],[123.7715021,10.40519417],[123.7573769,10.39939336],[123.7483213,10.39267778],[123.7386937,10.3860495],[123.7357787,10.38420129]]}},{"type":"Feature","properties":{"catalog_id":"PHL_34","catalog_name":"philippines","name":"Malaybalay-Maramag","slip_type":"Dextral","strike_slip_rate":"None"},"geometry":{"type":"LineString","coordinates":[[125.1195737,8.168295877],[125.0978357,8.044401625],[125.0720641,7.90393932],[125.0236895,7.818339822],[124.9867647,7.765865579],[124.9614869,7.736273488]]}},{"type":"Feature","properties":{"average_dip":"(35,,)","catalog_id":"PHL_35","catalog_name":"philippines","dip_dir":"E","name":"Guimaras","net_slip_rate":"(1.0, 0.5, 1.5)","slip_type":"Reverse","downthrown_side_dir":"W"},"geometry":{"type":"LineString","coordinates":[[122.6149367,10.64811725],[122.6043306,10.63725341],[122.5955475,10.62514148],[122.5905955,10.61953223],[122.5830494,10.61655132],[122.5812588,10.61054457],[122.5796943,10.60308413],[122.5790549,10.6001757],[122.576253,10.59463614],[122.5757847,10.59221792],[122.5745101,10.59009676],[122.5702521,10.58517844],[122.5671233,10.57822733],[122.5582489,10.5704321],[122.551078,10.56203464],[122.5466618,10.54814778],[122.5448635,10.53421689],[122.5436758,10.51684757],[122.5435116,10.50140964]]}},{"type":"Feature","properties":{"catalog_id":"PHL_36","catalog_name":"philippines","name":"Central Cebu Fault SouthWest"},"geometry":{"type":"LineString","coordinates":[[123.7707234,10.32477346],[123.7667215,10.32100707],[123.7632657,10.31834242],[123.7616593,10.31707691],[123.7522371,10.31142389],[123.7504242,10.31058268],[123.7441817,10.30741296],[123.7375884,10.30287821],[123.7347071,10.300474],[123.7325548,10.29871794],[123.7291544,10.2957751],[123.7267565,10.29450522],[123.7138591,10.28379441],[123.7116226,10.28056717],[123.7035789,10.27849903],[123.6989988,10.27686031],[123.6940701,10.2754366],[123.6878317,10.27329611],[123.6840567,10.27057606]]}},{"type":"Feature","properties":{"average_dip":"(35.,,)","catalog_id":"PHL_37","catalog_name":"philippines","dip_dir":"E","name":"Zamboanga Fault System West","net_slip_rate":"(1.0, 0.5, 1.5)","slip_type":"Reverse","downthrown_side_dir":"W"},"geometry":{"type":"LineString","coordinates":[[122.1418884,7.596218222],[122.1556819,7.53158982],[122.0711507,7.148684858],[122.0214698,7.074515889]]}},{"type":"Feature","properties":{"average_dip":"(65,,)","catalog_id":"PHL_38","catalog_name":"philippines","dip_dir":"E","name":"East Valley Fault","net_slip_rate":"(1.0, 0.5, 1.5)","slip_type":"Normal","downthrown_side_dir":"E"},"geometry":{"type":"LineString","coordinates":[[121.2048416,14.79022348],[121.1992868,14.78375008],[121.1938145,14.77508974],[121.1927159,14.77302777],[121.1926998,14.77293717],[121.1871427,14.76581546],[121.1830018,14.76143308],[121.1828484,14.76141253],[121.1821439,14.76049469],[121.1813918,14.75865516],[121.1805534,14.75736391],[121.1785989,14.75507288],[121.1779605,14.75471659],[121.1770739,14.75377521],[121.176572,14.7527857],[121.1759126,14.7516422],[121.1747519,14.7486113],[121.1747977,14.74855089],[121.1741745,14.74660095],[121.1738222,14.74598343],[121.1730719,14.74509948],[121.1713486,14.74212537],[121.1709848,14.74169769],[121.1705938,14.74138216],[121.1701819,14.74090292],[121.1700461,14.74083401],[121.1693129,14.74022543],[121.1690263,14.73992582],[121.1688521,14.73969316],[121.1681002,14.7382345],[121.1680408,14.73816338],[121.1677693,14.73773985],[121.1672934,14.73718601],[121.1672138,14.73707717],[121.1668598,14.73643197],[121.1666409,14.73597133],[121.1664841,14.73546153],[121.1663448,14.73518119],[121.1661906,14.73492321],[121.1660655,14.73475486],[121.1639016,14.7328245],[121.1637199,14.73255168],[121.1635449,14.73214312],[121.1632082,14.73145748],[121.1630065,14.73112435],[121.1628945,14.73084058],[121.1623779,14.73012808],[121.1619552,14.72930521],[121.1613886,14.72850458],[121.1609811,14.72762174],[121.1608782,14.72706751],[121.1606068,14.72659517],[121.1603452,14.72629932],[121.1597562,14.72546853],[121.1595781,14.72517365],[121.1593278,14.72467963],[121.1590895,14.72416948],[121.1588475,14.72385723],[121.1586115,14.7234767],[121.1584337,14.72325381],[121.1583376,14.72310413],[121.1582935,14.72306476],[121.1578047,14.72244476],[121.1575978,14.72217338],[121.1574047,14.7218513],[121.157269,14.72154555],[121.1565989,14.72036638],[121.1563436,14.72013336],[121.1557725,14.71965009],[121.1553959,14.71883526],[121.1553214,14.71857673],[121.1550158,14.71807602],[121.1548222,14.71788809],[121.1540765,14.71736644],[121.1538393,14.71710844],[121.1532825,14.71642393],[121.1528629,14.71603662],[121.1525919,14.71573197],[121.1521618,14.71530516],[121.1515244,14.71420814],[121.1497665,14.71190317],[121.1486171,14.71063827],[121.1480175,14.70945375],[121.1456817,14.70370572],[121.1450865,14.7022904],[121.1442788,14.70051251],[121.1438835,14.69916222],[121.1437679,14.69847275],[121.1433827,14.6971364],[121.1433214,14.69661072],[121.1426224,14.69401986],[121.1423479,14.69359816],[121.1422123,14.69348903],[121.1420935,14.69329077],[121.1419204,14.69318916],[121.1389355,14.6915397],[121.1357102,14.68966105],[121.1344885,14.68864402],[121.1334628,14.68751937],[121.1323237,14.68683058],[121.1316734,14.68638313],[121.1312726,14.68581589],[121.1297462,14.68397804]]}},{"type":"Feature","properties":{"catalog_id":"PHL_39","catalog_name":"philippines","name":"Tamugan Fault","slip_type":"Sinistral","strike_slip_rate":"None"},"geometry":{"type":"LineString","coordinates":[[125.3866274,7.258650608],[125.3932377,7.249926166],[125.3959833,7.238752433],[125.397569,7.224697518],[125.4010893,7.208940369],[125.4054901,7.197368865],[125.4120404,7.184716053],[125.4193287,7.158369966],[125.4279004,7.121784004],[125.4327158,7.113644671],[125.4367166,7.103105687],[125.4431066,7.094367252],[125.4499643,7.080628309],[125.456798,7.069892718],[125.4635796,7.063414033],[125.4688541,7.055846016],[125.4699385,7.052084723]]}},{"type":"Feature","properties":{"average_dip":"(35.,,)","catalog_id":"PHL_40","catalog_name":"philippines","dip_dir":"W","name":"Zamboanga Fault System East","net_slip_rate":"(1.0, 0.5, 1.5)","slip_type":"Reverse","downthrown_side_dir":"E"},"geometry":{"type":"LineString","coordinates":[[122.3917339,7.513695028],[122.3248211,7.469132037],[122.263809,7.294150015],[122.1775884,7.035820753],[122.1775854,7.026416306],[122.1758514,7.019263593],[122.1725083,7.013746973],[122.1650675,7.008143011],[122.1593843,7.005265071]]}},{"type":"Feature","properties":{"catalog_id":"PHL_41","catalog_name":"philippines","name":"Palayan-Gen. Tinio","slip_type":"Sinistral","strike_slip_rate":"None"},"geometry":{"type":"LineString","coordinates":[[121.1200148,15.46923278],[121.1559225,15.4288366],[121.1963187,15.36350452],[121.2412033,15.27622884],[121.250679,15.24331344]]}},{"type":"Feature","properties":{"average_dip":"(60,45,80)","catalog_id":"PHL_42","catalog_name":"philippines","dip_dir":"E","name":"Bangui Fault","slip_type":"Sinistral-Reverse","reference":"Hsu et al., 2018","downthrown_side_dir":"W","strike_slip_rate":"None","shortening_rate":"(2.3,0,4.6)"},"geometry":{"type":"LineString","coordinates":[[120.9220273,18.56058156],[120.912726,18.52367712],[120.8985882,18.45794246],[120.9345214,18.39259561],[120.9790798,18.35406991],[121.06982,18.2863329],[121.0816869,18.25924903],[121.0975477,18.23737775],[121.1177497,18.17018161],[121.1599339,18.0956034],[121.2163552,17.95991614],[121.2161537,17.92758244],[121.2466327,17.83100532],[121.3217307,17.7474856],[121.3183031,17.59220476]]}},{"type":"Feature","properties":{"catalog_id":"PHL_43","catalog_name":"philippines","name":"Bayog-Diplahan","slip_type":"Dextral","strike_slip_rate":"(1.0, -0.5, 1.5)"},"geometry":{"type":"LineString","coordinates":[[123.0991384,7.839343724],[122.9522851,7.761660445]]}},{"type":"Feature","properties":{"catalog_id":"PHL_44","catalog_name":"philippines","name":"Mauban-Atimonan","slip_type":"Sinistral","strike_slip_rate":"None"},"geometry":{"type":"LineString","coordinates":[[121.9026817,13.98075994],[121.8838663,13.99571861],[121.843267,14.01968677],[121.731991,14.08537953],[121.7029693,14.12134698]]}},{"type":"Feature","properties":{"catalog_id":"PHL_45","catalog_name":"philippines","name":"Davao River Fault","slip_type":"Sinistral","strike_slip_rate":"None"},"geometry":{"type":"LineString","coordinates":[[125.3985506,7.871953648],[125.4087663,7.795093239],[125.404765,7.700904151],[125.3907128,7.644603324],[125.3832237,7.595882922],[125.3779775,7.536337309],[125.3650614,7.471376351],[125.3477931,7.395586744]]}},{"type":"Feature","properties":{"average_dip":"(55,,)","catalog_id":"PHL_46","catalog_name":"philippines","dip_dir":"W","name":"Magsaysay-Malalag","net_slip_rate":"(1.0, 0.5, 1.5)","slip_type":"Reverse","downthrown_side_dir":"E"},"geometry":{"type":"LineString","coordinates":[[125.1120045,6.785925858],[125.2391776,6.568484732],[125.2865558,6.446298778]]}},{"type":"Feature","properties":{"average_dip":"(65.,,)","catalog_id":"PHL_47","catalog_name":"philippines","dip_dir":"E","name":"Abra River Fault","slip_type":"Sinistral-Reverse","downthrown_side_dir":"W","strike_slip_rate":"None","shortening_rate":"(1.,0.5,1.5)"},"geometry":{"type":"LineString","coordinates":[[120.7492697,17.84014814],[120.7363128,17.7887577],[120.7281444,17.57004154],[120.6811162,17.22619133],[120.6739116,17.15680838],[120.6791103,17.00528237],[120.6892661,16.98279548],[120.7090183,16.95946281]]}},{"type":"Feature","properties":{"average_dip":"(60,40,70)","catalog_id":"PHL_48","catalog_name":"philippines","dip_dir":"W","name":"Hapap Fault","slip_type":"Sinistral-Reverse","downthrown_side_dir":"E","strike_slip_rate":"None","shortening_rate":"(8.3,4.8,12.3)"},"geometry":{"type":"LineString","coordinates":[[120.9493571,16.21020932],[120.9546749,16.27668193],[120.9174503,16.42558056],[120.9493571,16.50800659],[121.0503955,16.99990386],[121.1009147,17.03181071],[121.2152475,17.16741482],[121.2631078,17.38810387]]}},{"type":"Feature","properties":{"average_dip":"(55,,)","catalog_id":"PHL_49","catalog_name":"philippines","dip_dir":"S","name":"Candoni Fault","net_slip_rate":"(1.0, 0.5, 1.5)","slip_type":"Normal","downthrown_side_dir":"S"},"geometry":{"type":"LineString","coordinates":[[122.5577175,9.829095602],[122.5578735,9.829709003],[122.5581347,9.830555916],[122.5581974,9.83101372],[122.558212,9.831393525],[122.5587291,9.832608657],[122.5591687,9.833171586],[122.5600127,9.833591481],[122.564049,9.832952513],[122.5644974,9.833283335],[122.5649303,9.833590512],[122.5654904,9.834112612],[122.5658473,9.834577394],[122.5658469,9.834577319],[122.5660338,9.834924424],[122.5664435,9.835355843],[122.5668533,9.835619536],[122.5672874,9.835955063],[122.5676244,9.836194763],[122.5680449,9.836494579],[122.5683922,9.836652996],[122.5688543,9.836842495],[122.5714288,9.838735626],[122.5716966,9.838920536],[122.5720642,9.839160306],[122.5724534,9.839545783],[122.5726492,9.839722565],[122.5728151,9.839815485],[122.5732147,9.840040305],[122.5735016,9.840271067],[122.5737514,9.840549911],[122.5738867,9.840730674],[122.5741549,9.841083308],[122.574607,9.841696378],[122.5747738,9.841890749],[122.57541,9.842736058],[122.5761179,9.84384285],[122.5771294,9.845164515],[122.5776713,9.845804984],[122.5784196,9.846446991],[122.5789371,9.84681949],[122.5793203,9.846990388],[122.5800248,9.847482715],[122.5807014,9.848268921],[122.5875504,9.853112869],[122.5894823,9.856704755],[122.5899159,9.857267657],[122.5902892,9.857842433],[122.5906927,9.858417247],[122.5909516,9.858758568],[122.5911504,9.858980158],[122.5913483,9.859182576],[122.5916023,9.859417446],[122.5921623,9.859949987],[122.5926087,9.860316064],[122.5929643,9.860555822],[122.5932597,9.860693888],[122.5934104,9.86077172],[122.5936999,9.86082596],[122.5937259,9.860829238],[122.5939583,9.860829537],[122.5950567,9.861290483],[122.5955996,9.861464767],[122.5958648,9.861536765],[122.5961543,9.861573006],[122.5963654,9.861657031],[122.5966668,9.86172917],[122.5969865,9.861819322],[122.5972093,9.861927208],[122.5973964,9.862100988],[122.5975412,9.862160999],[122.5977402,9.862209097],[122.5980418,9.862233428],[122.5983736,9.86217397],[122.5986391,9.862168307],[122.5990493,9.862138895],[122.5993896,9.862075422],[122.5998121,9.861931101],[122.6003467,9.86165688],[122.6007917,9.861399755],[122.6008653,9.861357178],[122.6013336,9.861040928],[122.6015725,9.860891631],[122.6018877,9.860778009],[122.6022786,9.860635019],[122.6027084,9.8604955],[122.6030537,9.860380223],[122.6034157,9.860257197],[122.6037078,9.860185441],[122.6039699,9.860168242],[122.6041098,9.860155478],[122.6050753,9.860036275],[122.6066502,9.859567283],[122.6070584,9.859454828],[122.6077071,9.859315458],[122.6085329,9.85910288],[122.6090035,9.859103499],[122.6090759,9.859103554],[122.610468,9.858788316],[122.6116823,9.858388803],[122.6120183,9.858301718],[122.6121621,9.858241807],[122.612712,9.858135092],[122.6131703,9.858123893],[122.613876,9.858102532],[122.6141176,9.85812478],[122.614359,9.858112993],[122.6147874,9.858078074],[122.6150715,9.858024247],[122.6151904,9.858007518],[122.6156493,9.857842988],[122.615795,9.857761968],[122.6161274,9.857594633],[122.6163024,9.85749311],[122.6165117,9.857415278],[122.6167369,9.857362049],[122.6170507,9.857326565],[122.6175105,9.857192352],[122.6193437,9.856665057],[122.6197554,9.856534462],[122.6205373,9.856434728],[122.6209573,9.856320469],[122.6217252,9.855962399],[122.6221886,9.855805035],[122.6226749,9.85577753],[122.6230249,9.855694206],[122.6236656,9.855493821],[122.6246507,9.855178964],[122.6259689,9.85456311],[122.6266791,9.853860348],[122.627099,9.853928009],[122.6276242,9.853605563],[122.6279805,9.853258968],[122.6282462,9.853067833],[122.6284637,9.852762976],[122.6285844,9.85267337],[122.6287053,9.852541884],[122.629264,9.852227723],[122.6300545,9.852155562],[122.6305759,9.85198385],[122.6311696,9.851967948],[122.6315606,9.851925312],[122.6318252,9.851987566],[122.6322338,9.851969139],[122.6325162,9.851825875],[122.6328349,9.851704188],[122.6331754,9.851510735],[122.6333857,9.851180735],[122.6341972,9.850470924],[122.6345434,9.850321609],[122.6346642,9.850231962],[122.6390442,9.847540418],[122.6395425,9.84708528],[122.6402207,9.846655852],[122.6408689,9.846414962],[122.641939,9.846127406],[122.6423389,9.84596428],[122.6428965,9.845699297],[122.6431556,9.845593647],[122.6441566,9.845356083],[122.6446852,9.84521295],[122.6452283,9.845019783],[122.6459959,9.844790884],[122.6471507,9.844414061],[122.6472067,9.84440147],[122.6490774,9.843805218],[122.650827,9.843657516],[122.6523951,9.843778748],[122.6537828,9.843630766],[122.655412,9.84336323],[122.6575237,9.843036395],[122.6598164,9.842590088],[122.6623188,9.841965423],[122.6654277,9.841459187],[122.6666344,9.84131084],[122.6672748,9.841302577],[122.6676945,9.841306395],[122.6680781,9.841382359],[122.6685125,9.841433051],[122.6688817,9.841354455],[122.6692294,9.841139434],[122.6695192,9.840924355],[122.6763523,9.839251808],[122.6823931,9.83772804],[122.68257,9.837665078],[122.6841089,9.837008492],[122.6858889,9.83650168],[122.6872166,9.835934608],[122.6890182,9.834332994],[122.6921562,9.833049694],[122.69472,9.832424169],[122.7032442,9.814462328],[122.7035726,9.814282496],[122.7039837,9.814053765],[122.7047106,9.813817487],[122.7050185,9.813781848],[122.7054163,9.813746372],[122.7058683,9.813692923],[122.7063574,9.813621572],[122.7071357,9.813442759],[122.7079946,9.81324726],[122.7085447,9.813126308],[122.7091043,9.812917063],[122.7095117,9.81281257],[122.7108174,9.812283687],[122.7122882,9.811552887],[122.7136918,9.811247262],[122.7150249,9.811362194],[122.715822,9.811872124],[122.716798,9.812225322],[122.7175216,9.812261719],[122.7175938,9.812261755],[122.7179918,9.81227532],[122.7182131,9.812020577],[122.7194199,9.811447323],[122.7206993,9.810826195],[122.7217119,9.810516716],[122.7224757,9.810444964],[122.7229194,9.810469143],[122.7241314,9.810490975],[122.7246063,9.810412155],[122.7254046,9.810184172],[122.7261279,9.810087823],[122.7264928,9.810120159],[122.726799,9.810133834],[122.727359,9.810042993],[122.7282039,9.809731719],[122.7288305,9.810569798],[122.7291674,9.810597357],[122.7299363,9.810763507],[122.7302547,9.810792465],[122.7306675,9.810878869],[122.7312606,9.810987079],[122.7315502,9.811016034],[122.7318252,9.811044976],[122.7321295,9.811016312],[122.7322388,9.811008386],[122.7327365,9.810849152],[122.7330493,9.81065479],[122.7334863,9.810454125],[122.7353212,9.809895856],[122.7362142,9.809632941],[122.7370556,9.809202651],[122.7378315,9.808724982],[122.7388212,9.8081514],[122.7394208,9.8078277],[122.7396813,9.807906878],[122.740159,9.807943162],[122.7409261,9.808087335],[122.7414833,9.808245707],[122.7426051,9.808483523],[122.7432494,9.808591799],[122.7436473,9.808642284],[122.7440094,9.808620837],[122.7446462,9.80853538],[122.7449937,9.808442305],[122.7454354,9.808227303],[122.7456306,9.808112547],[122.7459205,9.808019472],[122.7464414,9.807991189],[122.7469628,9.807984392],[122.7472741,9.807970268],[122.7475275,9.807984739],[122.7478242,9.807999412],[122.7481206,9.808006758],[122.7484829,9.808028479],[122.7487869,9.807964261],[122.7491478,9.807814019],[122.7492793,9.807720551],[122.7497505,9.806787631],[122.7504568,9.806479063],[122.7513254,9.806278794],[122.7523969,9.805906322],[122.7531096,9.805727216],[122.7535115,9.805608826],[122.7537923,9.805519558],[122.7544753,9.805400608],[122.754685,9.805383787],[122.7552024,9.805316127],[122.7555822,9.805262662],[122.7561305,9.805202926],[122.7565935,9.805254305],[122.7568378,9.805285386],[122.757697,9.805190663],[122.7578158,9.805162144],[122.7582295,9.805112324],[122.7588774,9.80497999],[122.7592067,9.804876068],[122.7596111,9.80460239],[122.7596829,9.804562387],[122.7600233,9.804376013],[122.7605836,9.804161745],[122.7606766,9.80410764],[122.7611609,9.803908617],[122.76135,9.803858277],[122.7615057,9.803836859],[122.7617735,9.803801224],[122.7620703,9.803758296],[122.7624091,9.803626245],[122.7626006,9.80353518],[122.7629083,9.803332029],[122.7635426,9.803032898],[122.7637869,9.802876346],[122.7640904,9.802743765],[122.764153,9.8027243],[122.7645179,9.802616042],[122.7647674,9.802482453],[122.7649268,9.802317406],[122.7652417,9.802069811],[122.7654339,9.801911965],[122.7657036,9.801750993],[122.7659263,9.80159681],[122.7664994,9.801270238],[122.7666503,9.801207454],[122.7678618,9.800693455],[122.7679243,9.800651894],[122.7685166,9.800343628],[122.7686719,9.800248695],[122.7693984,9.799895583],[122.7697638,9.79966094],[122.7699919,9.799549822],[122.7702199,9.799456693],[122.7704769,9.799381494],[122.7706072,9.799367229],[122.7707231,9.799385282],[122.7709401,9.799433686],[122.7711448,9.799426911],[122.7716091,9.799374838],[122.7722311,9.79913545],[122.773256,9.798748116],[122.7734068,9.798687636],[122.7736948,9.798567683],[122.7739059,9.798394395],[122.7741111,9.798250938],[122.7742861,9.798185267],[122.7745456,9.798059782],[122.7749159,9.797970793],[122.7760019,9.797672269],[122.7765146,9.79764273],[122.7772966,9.797427535],[122.778053,9.797225046]]}},{"type":"Feature","properties":{"average_dip":"(45,,)","catalog_id":"PHL_50","catalog_name":"philippines","dip_dir":"E","name":"West Negros Fault","net_slip_rate":"(1.0, 0.5, 1.5)","slip_type":"Reverse","downthrown_side_dir":"W"},"geometry":{"type":"LineString","coordinates":[[122.8363313,10.026877],[122.8383943,10.03034801],[122.8391657,10.03149697],[122.8395515,10.03259813],[122.8403234,10.03393845],[122.8409506,10.03503966],[122.8411916,10.03594918],[122.8417221,10.03738513],[122.8421077,10.03848601],[122.8424451,10.0397306],[122.842686,10.04073583],[122.8426856,10.04159727],[122.8426366,10.04288943],[122.8425877,10.04418176],[122.8425868,10.04585682],[122.8427794,10.04686207],[122.8428759,10.04714914],[122.8925884,10.09983313],[122.8928775,10.10177156],[122.8933839,10.10356674],[122.8937219,10.10459595],[122.8952173,10.10923856],[122.8963995,10.11304378],[122.8973815,10.11569048],[122.8979446,10.11766695],[122.8982088,10.11828513],[122.8955066,10.1278622],[122.8963989,10.13149987],[122.8966154,10.13386901],[122.8968656,10.13607778],[122.8973061,10.13916652],[122.8976732,10.14421499],[122.8976494,10.14705479],[122.8976545,10.14737643],[122.897698,10.1479953],[122.8977212,10.14889743],[122.8977691,10.14995036],[122.8978614,10.1508262],[122.8980544,10.1513767],[122.898348,10.15229571],[122.8984465,10.15309471],[122.8984451,10.15390259],[122.8984921,10.15461695],[122.8985345,10.15553252],[122.898561,10.15652868],[122.898597,10.15728242],[122.8986357,10.15837402],[122.8985866,10.16076699],[122.8985856,10.16366251],[122.898609,10.16562506],[122.8986088,10.16653412],[122.8984641,10.17124984],[122.8984383,10.17202282],[122.8985339,10.17349776],[122.8983654,10.17624867],[122.8984218,10.1782976],[122.898411,10.17976732],[122.8983378,10.18184919],[122.8983855,10.18359623],[122.8984333,10.1844825],[122.8984089,10.18560621],[122.9369532,10.23989213],[122.9383298,10.24240508],[122.9416616,10.24851189],[122.9443432,10.25396445],[122.9470966,10.26143213],[122.9495585,10.26782183],[122.9509366,10.2719858],[122.9520619,10.27790932],[122.9526653,10.28173818],[122.9536312,10.28532783],[122.9542348,10.28813967],[122.9552613,10.29029353],[122.9560461,10.29172925],[122.9585226,10.29496037],[122.9603344,10.2980715],[122.9609378,10.30040426],[122.9613018,10.30154431],[122.9618823,10.30287628],[122.9625665,10.30394801],[122.9660542,10.3060234],[122.9685554,10.30746007],[122.9709482,10.31102573],[122.9725755,10.31477363],[122.973601,10.3166397],[122.9748883,10.31946763],[122.9765027,10.32202005],[122.981891,10.33049043],[122.9838633,10.33265285],[122.9861051,10.33416477],[122.9887968,10.33594647],[122.9897924,10.3375819],[122.9927621,10.34072641],[122.9941014,10.3427637]]}},{"type":"Feature","properties":{"catalog_id":"PHL_51","catalog_name":"philippines","name":"Columbio","slip_type":"Sinistral","strike_slip_rate":"None"},"geometry":{"type":"LineString","coordinates":[[124.9738595,6.70613095],[125.0815827,6.644289895],[125.1683596,6.619353986]]}},{"type":"Feature","properties":{"catalog_id":"PHL_52","catalog_name":"philippines","name":"Leyte Fault Southermost Segment","slip_type":"Sinistral","strike_slip_rate":"None"},"geometry":{"type":"LineString","coordinates":[[125.2138155,10.13062493],[125.2822883,9.99346796],[125.3186188,9.908177819]]}},{"type":"Feature","properties":{"average_dip":"(35.,,)","catalog_id":"PHL_53","catalog_name":"philippines","dip_dir":"W","name":"East Cordillera Fault","net_slip_rate":"(2.0, 1.0, 3.0)","slip_type":"Reverse","downthrown_side_dir":"E"},"geometry":{"type":"LineString","coordinates":[[121.5398044,17.34710258],[121.5408477,17.3412454],[121.5411532,17.3341261],[121.5397808,17.32645596],[121.5398985,17.32338478],[121.5391872,17.31748063],[121.5388028,17.31332383],[121.5384286,17.30809586],[121.538763,17.29887999],[121.5396621,17.29546606],[121.5401914,17.27046797],[121.5384675,17.26919686],[121.5392961,17.26327851],[121.5396474,17.25887608],[121.5443523,17.22027903],[121.5434023,17.20534594],[121.5511802,17.15992011],[121.5553762,17.15116504],[121.5618864,17.07032888],[121.5634364,17.0152247],[121.5649202,17.00992501],[121.5624061,16.94212789],[121.5567667,16.92337718],[121.5498296,16.90761022],[121.5334526,16.87567925],[121.5069536,16.83452998],[121.4882602,16.80828909],[121.4597273,16.75967999],[121.4427429,16.72735944],[121.4360011,16.71830686],[121.4093044,16.67886825]]}},{"type":"Feature","properties":{"average_dip":"(65,,)","catalog_id":"PHL_54","catalog_name":"philippines","dip_dir":"W","name":"East Zambales Fault","net_slip_rate":"(2.0, 1.0, 3.0)","slip_type":"Reverse-Sinistral","downthrown_side_dir":"E"},"geometry":{"type":"LineString","coordinates":[[120.1607349,16.01773813],[120.1804966,15.97077488],[120.1977623,15.9358539],[120.2506908,15.85277165],[120.298798,15.75282649],[120.3148408,15.71790554],[120.3469087,15.6517065],[120.3580781,15.61313973],[120.3765868,15.57340206],[120.3938175,15.53656424],[120.4255159,15.45302822],[120.4497176,15.39854945],[120.4627164,15.37675872]]}},{"type":"Feature","properties":{"average_dip":"(55,,)","catalog_id":"PHL_55","catalog_name":"philippines","dip_dir":"W","name":"Daguma Extension Mindanao Fault","net_slip_rate":"(2.0, 1.0, 3.0)","slip_type":"Reverse","downthrown_side_dir":"E"},"geometry":{"type":"LineString","coordinates":[[124.1836983,7.026228396],[124.267416,6.982957324],[124.3379978,6.926689249],[124.3873632,6.905712478],[124.4085975,6.866091499],[124.4086884,6.844439091],[124.4840668,6.692904035],[124.6479237,6.411490365],[124.7496272,6.272957353],[124.767395,6.229659517],[124.7940478,6.164714266],[124.8516214,6.065136514],[124.8914092,6.013187275],[124.9751079,5.974246961],[125.1158536,5.961311571]]}},{"type":"Feature","properties":{"average_dip":"(90,,)","catalog_id":"PHL_56","catalog_name":"philippines","name":"Digdig Fault","slip_type":"Sinistral","strike_slip_rate":"None","notes":"Ignoring tensile slip from Hsu's inversion; hard to square with fault geometry"},"geometry":{"type":"LineString","coordinates":[[121.3583976,15.41864528],[121.3229164,15.44778425],[121.3153522,15.47552524],[121.1832398,15.60630606],[121.1407982,15.66646342],[121.0997348,15.71486238],[121.0703373,15.75952506],[121.0158297,15.87385794],[120.9702888,15.95647657],[120.9479926,16.05412128],[120.9147914,16.11714768],[120.8815551,16.24610453],[120.896179,16.30194151]]}},{"type":"Feature","properties":{"average_dip":"(65,,)","catalog_id":"PHL_57","catalog_name":"philippines","dip_dir":"E","name":"Iba Fault","net_slip_rate":"(2.0, 1.0, 3.0)","slip_type":"Reverse-Sinistral","downthrown_side_dir":"W"},"geometry":{"type":"LineString","coordinates":[[119.9106453,15.89794812],[119.9547361,15.85768998],[119.9414124,15.84614548],[119.9553438,15.78158485],[119.9683494,15.71292445],[119.9825136,15.65038688],[119.9636246,15.6439837],[119.968464,15.62616792],[120.0376473,15.37785863],[120.0594468,15.33384216],[120.1240388,15.24513217],[120.2003225,15.20936362],[120.2222315,15.18862482]]}},{"type":"Feature","properties":{"average_dip":"(35.,,)","catalog_id":"PHL_58","catalog_name":"philippines","dip_dir":"E","name":"Ilagan-San Pablo","net_slip_rate":"(2.0, 1.0, 3.0)","slip_type":"Reverse","downthrown_side_dir":"W"},"geometry":{"type":"LineString","coordinates":[[121.8964129,17.44708939],[121.900679,17.32123855],[121.9454734,17.2636458],[122.016931,17.08766793]]}},{"type":"Feature","properties":{"catalog_id":"PHL_59","catalog_name":"philippines","name":"Esperanza Fault","slip_type":"Sinistral","strike_slip_rate":"None"},"geometry":{"type":"LineString","coordinates":[[125.6406612,8.916835181],[125.6552851,8.870969084],[125.6552851,8.80782011],[125.6778858,8.724064628],[125.701816,8.663574559],[125.7184341,8.622361544],[125.7264108,8.518664281]]}},{"type":"Feature","properties":{"catalog_id":"PHL_60","catalog_name":"philippines","name":"Guinayangan-Dingalan","slip_type":"Sinistral","strike_slip_rate":"None"},"geometry":{"type":"LineString","coordinates":[[121.4050004,15.35695057],[121.6508876,15.00390021],[121.9111379,14.34508404],[122.0415461,14.20127142],[122.1157762,14.14408009],[122.2518785,14.02775076]]}},{"type":"Feature","properties":{"catalog_id":"PHL_61","catalog_name":"philippines","name":"Lamon Bay","slip_type":"Sinistral","strike_slip_rate":"None"},"geometry":{"type":"LineString","coordinates":[[121.7340028,14.30066784],[121.8755447,14.16079898],[122.2103838,13.88942796]]}},{"type":"Feature","properties":{"average_dip":"(55.,,)","catalog_id":"PHL_62","catalog_name":"philippines","dip_dir":"N","name":"Lanao Fault System","slip_type":"Normal","downthrown_side_dir":"N","shortening_rate":"(3.0, 1.5, 4.5)"},"geometry":{"type":"LineString","coordinates":[[124.371782,8.127415424],[124.1952358,7.974308943],[124.000237,7.827187079]]}},{"type":"Feature","properties":{"catalog_id":"PHL_63","catalog_name":"philippines","name":"Infanta Fault","slip_type":"Sinistral","strike_slip_rate":"None"},"geometry":{"type":"LineString","coordinates":[[121.478777,15.18695144],[121.5177616,15.06082843],[121.543432,15.02416895],[121.5780631,14.94963904],[121.6094301,14.60755483],[121.6349839,14.49458693],[121.6583809,14.4161628],[121.6768714,14.37221099],[121.7349386,14.3045098]]}},{"type":"Feature","properties":{"average_dip":"(55,,)","catalog_id":"PHL_64","catalog_name":"philippines","dip_dir":"S","name":"Kabugao-Lassam","net_slip_rate":"(2.0, 1.0, 3.0)","slip_type":"Normal","downthrown_side_dir":"S"},"geometry":{"type":"LineString","coordinates":[[121.5814309,18.07865499],[121.5015288,18.05908053],[121.4359127,18.03242969],[121.3700536,17.99754756],[121.291311,17.96004219],[121.2653287,17.96456202],[121.2198166,17.93491483],[121.1978341,17.93076188]]}},{"type":"Feature","properties":{"catalog_id":"PHL_65","catalog_name":"philippines","name":"Leyte Fault North1","slip_type":"Sinistral","strike_slip_rate":"None"},"geometry":{"type":"LineString","coordinates":[[124.4725739,11.39493039],[124.5589804,11.26649827],[124.6295082,11.13992634],[124.6662067,11.08996011],[124.6903977,11.07084605]]}},{"type":"Feature","properties":{"catalog_id":"PHL_66","catalog_name":"philippines","name":"Leyte Fault South2","slip_type":"Sinistral","strike_slip_rate":"None"},"geometry":{"type":"LineString","coordinates":[[125.1583655,10.13970022],[125.1255664,10.25977895],[125.1007825,10.33622129],[125.0839267,10.3760546],[125.0457619,10.50754954],[125.0386598,10.54373571],[125.0352942,10.55233816]]}},{"type":"Feature","properties":{"catalog_id":"PHL_67","catalog_name":"philippines","name":"Legaspi Lineament","net_slip_rate":"(15.0, 7.5, 22.5)","slip_type":"Sinistral"},"geometry":{"type":"LineString","coordinates":[[122.8253482,13.64538057],[123.2119511,13.39635858],[123.2140886,13.3944649],[123.2190712,13.38995882],[123.2260694,13.38478513],[123.2303886,13.38211599],[123.2406645,13.37657825],[123.252243,13.36987606],[123.2606332,13.3645116],[123.2667079,13.35976918],[123.2706776,13.3570561],[123.2762058,13.35345709],[123.2793464,13.35103546],[123.28675,13.34633742],[123.2909035,13.34418337],[123.2961639,13.34094924],[123.2992374,13.3376029],[123.3074598,13.32997207],[123.3161318,13.32321981],[123.3211389,13.31812064],[123.3222688,13.31740845],[123.3286529,13.31338461],[123.3348198,13.3086776],[123.3413986,13.30434545],[123.3457381,13.302228],[123.3467571,13.30173083],[123.3579984,13.29657364],[123.3625582,13.29392966],[123.366668,13.2920103],[123.3682506,13.29122433],[123.3747455,13.28797614],[123.3810383,13.28568465],[123.3849886,13.28334446],[123.3899973,13.28077215],[123.3935098,13.27822032],[123.3956023,13.27682482],[123.427522,13.26276207],[123.4553968,13.2482685],[123.4951952,13.22604905],[123.5126554,13.21408804],[123.5246005,13.20782536],[123.5511317,13.19768968],[123.593276,13.17436728],[123.600619,13.16964265],[123.6307159,13.15741195],[123.6328656,13.15599996],[123.6556669,13.14749805],[123.662178,13.14382963],[123.6714837,13.14038215],[123.6921954,13.13507777],[123.7019671,13.13185598],[123.7406047,13.12558553],[123.7664458,13.12345583],[123.784135,13.12089205]]}},{"type":"Feature","properties":{"catalog_id":"PHL_68","catalog_name":"philippines","name":"Leyte Fault Central","slip_type":"Sinistral","strike_slip_rate":"None"},"geometry":{"type":"LineString","coordinates":[[124.6874242,11.09218206],[124.7325014,11.01443704],[124.7488639,10.99821212],[124.780247,10.96894851],[124.817398,10.93161982],[124.8612699,10.84653488],[124.9224247,10.7601205],[125.0261219,10.56070268],[125.0407459,10.51239461]]}},{"type":"Feature","properties":{"average_dip":"(60,,)","catalog_id":"PHL_69","catalog_name":"philippines","dip_dir":"E","name":"Ambuklao Fault","slip_type":"Sinistral-Reverse","downthrown_side_dir":"W","strike_slip_rate":"None","shortening_rate":"(1,,)"},"geometry":{"type":"LineString","coordinates":[[120.7166777,16.97726494],[120.7559057,16.88447577],[120.7586718,16.85027705],[120.7894757,16.74491482],[120.8136465,16.70932254],[120.8138675,16.67827761],[120.8503294,16.53821374],[120.8483177,16.50401502],[120.8661781,16.42216883],[120.8986099,16.3189396]]}},{"type":"Feature","properties":{"average_dip":"(90,,)","catalog_id":"PHL_70","catalog_name":"philippines","name":"Bambang-Ma. Aurora","slip_type":"Sinistral","strike_slip_rate":"None"},"geometry":{"type":"LineString","coordinates":[[121.1329815,16.37689987],[121.1556732,16.3133133],[121.2127764,16.24174724],[121.2495223,16.20380037],[121.2781085,16.16294977],[121.3294764,16.04924202],[121.3464329,15.99238815],[121.3883252,15.90561118],[121.4391944,15.8128496]]}},{"type":"Feature","properties":{"catalog_id":"PHL_71","catalog_name":"philippines","name":"Aglubang River Fault","slip_type":"Sinistral","strike_slip_rate":"None"},"geometry":{"type":"LineString","coordinates":[[121.1199096,13.41024287],[121.1278617,13.39985888],[121.1340677,13.3868786],[121.1367667,13.37216302],[121.1447833,13.3462025],[121.1465844,13.33581673],[121.1528155,13.31677681],[121.1651565,13.3072627],[121.1738351,13.30158088],[121.176728,13.29360631],[121.1846401,13.27178201],[121.1882491,13.24927914],[121.1882966,13.23802845],[121.1918946,13.21812232],[121.1901665,13.21119698],[121.1902297,13.19561886],[121.1920943,13.17051753],[121.1912963,13.15147546],[121.1930792,13.14541716],[121.195995,13.07877266],[121.1995779,13.06319345],[121.1978938,13.04501807],[121.2006357,13.01991807],[121.2015984,13.00001165]]}},{"type":"Feature","properties":{"catalog_id":"PHL_72","catalog_name":"philippines","name":"Agusan Marsh Fault","slip_type":"Sinistral","strike_slip_rate":"None"},"geometry":{"type":"LineString","coordinates":[[125.7583177,8.518664281],[125.832767,8.308610852],[125.9125341,8.00150742]]}},{"type":"Feature","properties":{"catalog_id":"PHL_73","catalog_name":"philippines","name":"Caraga River Fault","slip_type":"Sinistral","strike_slip_rate":"None"},"geometry":{"type":"LineString","coordinates":[[126.1250525,7.538276371],[126.1542865,7.506443458],[126.1791444,7.467095584],[126.1900994,7.446120597],[126.1965982,7.426771259],[126.2055403,7.416556536],[126.2143023,7.399780388],[126.2186101,7.381674511],[126.2307676,7.356393874],[126.237369,7.328834745],[126.2437121,7.314368529],[126.2431204,7.301556085],[126.2450136,7.296693444]]}},{"type":"Feature","properties":{"average_dip":"(35.,,)","catalog_id":"PHL_74","catalog_name":"philippines","dip_dir":"W","name":"Casiguran Fault","net_slip_rate":"(2.0, 1.0, 3.0)","slip_type":"Reverse","downthrown_side_dir":"E"},"geometry":{"type":"LineString","coordinates":[[122.2453918,16.50846731],[122.2445012,16.50793708],[122.237821,16.50273218],[122.2349736,16.50017895],[122.2333661,16.49897671],[122.2312317,16.49773149],[122.2304348,16.49721656],[122.2293414,16.4962892],[122.228271,16.49516306],[122.2199032,16.48483348],[122.2148512,16.47562909],[122.2092057,16.4667123],[122.1880479,16.44185439],[122.1753531,16.42226972],[122.1405764,16.38057905],[122.1370702,16.3768547],[122.1321917,16.36583926],[122.1197152,16.35060897],[122.1170968,16.34592881],[122.1111704,16.3401782],[122.108106,16.33643738],[122.1034577,16.32695206],[122.1019189,16.32429124],[122.1003464,16.31762897],[122.0970983,16.30661405],[122.0962645,16.29142085],[122.0941537,16.28328661],[122.0897353,16.27272653],[122.0698426,16.2322828],[122.0650702,16.22774446],[122.0636686,16.2257182],[122.0607814,16.22295125],[122.0512806,16.21598167],[122.0465342,16.21281653],[122.0415078,16.2091412],[122.035973,16.20580058],[122.03152,16.20206357],[122.028722,16.19830624],[122.0243448,16.19323655],[122.0182285,16.1871124],[122.0130889,16.18081482],[122.0088529,16.17712841],[122.0058552,16.17354839],[122.0021426,16.16973933]]}},{"type":"Feature","properties":{"catalog_id":"PHL_75","catalog_name":"philippines","name":"Bayog-Dimalinao","slip_type":"Sinistral","strike_slip_rate":"None"},"geometry":{"type":"LineString","coordinates":[[123.1017988,7.976087579],[123.1805462,7.892019373],[123.433815,7.749422668]]}},{"type":"Feature","properties":{"catalog_id":"PHL_76","catalog_name":"philippines","name":"Buenavista","slip_type":"Sinistral","strike_slip_rate":"None"},"geometry":{"type":"LineString","coordinates":[[125.394653,8.954290167],[125.4535018,8.838088831],[125.4799338,8.812654204]]}},{"type":"Feature","properties":{"catalog_id":"PHL_77","catalog_name":"philippines","name":"Central Mindanao Fault","slip_type":"Sinistral","strike_slip_rate":"None"},"geometry":{"type":"LineString","coordinates":[[125.0950716,8.815057186],[125.1663446,8.594232895],[125.2330758,8.408050148],[125.2598913,8.304130603],[125.317265,8.252188182],[125.4542142,8.096347068],[125.5295385,7.957802934],[125.6445767,7.784630234],[125.6934302,7.667728653]]}},{"type":"Feature","properties":{"average_dip":"(65,,)","catalog_id":"PHL_78","catalog_name":"philippines","dip_dir":"E","name":"Central Mindoro Fault","slip_type":"Sinistral-Normal","downthrown_side_dir":"E","vert_sep_rate":"(1.0, 0.5, 1.5)","strike_slip_rate":"None"},"geometry":{"type":"LineString","coordinates":[[121.004217,13.44635053],[121.0213917,13.391735],[121.0251386,13.37817986],[121.0428774,13.33923831],[121.0561243,13.32366425],[121.0711501,13.30289653],[121.078282,13.27866507],[121.0960441,13.23366586],[121.1031706,13.21116236],[121.1138274,13.18433506],[121.119232,13.15232524],[121.1351541,13.12808463],[121.1467089,13.09692961],[121.1502489,13.09087199],[121.1511608,13.0830825],[121.1582997,13.05711917],[121.1715676,13.03635146],[121.1821565,13.02597009],[121.2001273,12.99549727],[121.2017594,12.97676072],[121.2079537,12.96236911],[121.2097905,12.95159516],[121.2143599,12.93287371],[121.2139212,12.92885486],[121.2211158,12.91311707],[121.230932,12.89820559],[121.2371386,12.88452317],[121.24674,12.87146166],[121.2556946,12.82036129],[121.2763454,12.78070029],[121.2896715,12.75245201],[121.3010652,12.73405479],[121.3155121,12.72803795],[121.3243346,12.71146406],[121.3442079,12.6849767],[121.3815149,12.69057589],[121.3940441,12.67292644],[121.4019239,12.65979728],[121.4183934,12.62245122],[121.4272767,12.59125246],[121.4479784,12.54198881],[121.4564412,12.51221604]]}},{"type":"Feature","properties":{"catalog_id":"PHL_79","catalog_name":"philippines","name":"Central Compostela Valley Fault","slip_type":"Sinistral","strike_slip_rate":"None"},"geometry":{"type":"LineString","coordinates":[[125.956406,7.998848516],[126.0095841,7.940352624],[126.0308554,7.885845089],[126.0441499,7.791453991],[126.0707389,7.530881382]]}},{"type":"Feature","properties":{"catalog_id":"PHL_80","catalog_name":"philippines","name":"Central Marinduque Fault","slip_type":"Sinistral","strike_slip_rate":"None"},"geometry":{"type":"LineString","coordinates":[[121.8714825,13.44820752],[121.8993443,13.41635546],[121.9272693,13.36932383],[121.9582257,13.3344454],[122.0401433,13.26923534]]}},{"type":"Feature","properties":{"average_dip":"(60,40,75)","catalog_id":"PHL_81","catalog_name":"philippines","dip_dir":"S","name":"Chico Fault West","net_slip_rate":"(1.0, 0.5, 1.5)","slip_type":"Reverse-Dextral","downthrown_side_dir":"N"},"geometry":{"type":"LineString","coordinates":[[121.2251197,17.39964617],[121.1772427,17.38717822],[121.0266298,17.32483845],[120.9363618,17.24604097]]}},{"type":"Feature","properties":{"average_dip":"(45.,,)","catalog_id":"PHL_82","catalog_name":"philippines","dip_dir":"W","name":"Columbio-Datu Paglas","net_slip_rate":"(1.0, 0.5, 1.5)","slip_type":"Reverse","downthrown_side_dir":"E"},"geometry":{"type":"LineString","coordinates":[[124.877981,6.73898401],[124.9348348,6.690109628],[125.0275964,6.54149161]]}},{"type":"Feature","properties":{"average_dip":"(65,,)","catalog_id":"PHL_83","catalog_name":"philippines","dip_dir":"E","name":"Central Negros Fault South","net_slip_rate":"(2.0, 1.0, 3.0)","slip_type":"Sinistral-Normal","downthrown_side_dir":"W"},"geometry":{"type":"LineString","coordinates":[[122.8505285,9.924078509],[122.8511625,9.923271163],[122.851742,9.922679163],[122.8522673,9.922033292],[122.852865,9.921243873],[122.8532273,9.920687664],[122.8535897,9.920095558],[122.8539691,9.919605867],[122.8548235,9.918889842],[122.8556338,9.918210626],[122.8560465,9.91783969],[122.8568704,9.916622917],[122.8578445,9.914857711],[122.8615939,9.905958912],[122.8618869,9.905238606],[122.8625029,9.904036379],[122.8628812,9.90313779],[122.8646927,9.899818246],[122.865009,9.899074321],[122.865125,9.898729774],[122.8652507,9.898193789],[122.8653088,9.897772641],[122.8654057,9.897073917],[122.8654831,9.896700637],[122.8654157,9.896279435],[122.8653192,9.896116667],[122.8651061,9.895685028],[122.8650685,9.89539865],[122.8649915,9.894977443],[122.8650302,9.894738157],[122.8650497,9.894336136],[122.8650208,9.894077676],[122.865021,9.893713935],[122.8650887,9.893359796],[122.8651468,9.893015224],[122.8651183,9.892000566],[122.8651859,9.891809153],[122.8653308,9.891617772],[122.8653985,9.891445503],[122.8654372,9.891158356],[122.8655146,9.890880797],[122.8656691,9.890603272],[122.8659203,9.89024921],[122.8662584,9.889742032],[122.8666253,9.889464596],[122.8669537,9.889072278],[122.8673014,9.888632107],[122.8674946,9.88841203],[122.8676781,9.888086655],[122.8679389,9.887713452],[122.8680316,9.887561763],[122.8683777,9.887178237],[122.8687182,9.886666347],[122.8688566,9.886258873],[122.8690981,9.885770795],[122.8691693,9.885623488],[122.8695135,9.885167924],[122.8698322,9.884900037],[122.8701895,9.884450295],[122.8706209,9.883851956],[122.871506,9.882884672],[122.8716382,9.882756624],[122.8717391,9.882670477],[122.8721127,9.882178893],[122.872237,9.881962381],[122.8725267,9.881704052],[122.8729999,9.881273498],[122.8733862,9.880881197],[122.873618,9.880661132],[122.8739174,9.880326228],[122.8741105,9.880096574],[122.8743616,9.879819083],[122.8745644,9.879551145],[122.8747769,9.879273638],[122.8749026,9.87888123],[122.8750764,9.878641996],[122.875173,9.878393159],[122.875289,9.878106041],[122.8845112,9.86559162],[122.8852535,9.86498167],[122.8857242,9.864461358],[122.8861769,9.863941038],[122.8865209,9.863510417],[122.8896533,9.859939936],[122.8902325,9.859688873],[122.8908118,9.859240382],[122.8913007,9.858755964],[122.89188,9.858271576],[122.8922421,9.857912747],[122.8924341,9.857708822],[122.8931057,9.857202285],[122.8936365,9.856946059],[122.8945266,9.856738601],[122.8951382,9.85671124],[122.8967853,9.856209256],[122.8973284,9.855850482],[122.8980525,9.855491766],[122.8986498,9.855240694],[122.8992832,9.855187058],[122.8996814,9.85516924],[122.9002244,9.854971991],[122.9006407,9.854810596],[122.9012381,9.854541571],[122.9018897,9.854326406],[122.9024688,9.854218904],[122.9030299,9.854237029],[122.9086514,9.846298141],[122.9096653,9.844790826],[122.9101635,9.844403807],[122.910779,9.843937344],[122.9112678,9.843399052],[122.9115575,9.842932493],[122.9118652,9.842519782],[122.9121912,9.841981442],[122.9124808,9.841622569],[122.9129696,9.841174014],[122.9132773,9.840868989],[122.9135308,9.840635739],[122.9138747,9.840223037],[122.9141282,9.839864152],[122.9147075,9.839361776],[122.9156177,9.838252349],[122.9169935,9.836852799],[122.9180796,9.835848016],[122.9187487,9.835320376],[122.919957,9.834624984],[122.9203371,9.834355867],[122.9206991,9.834014953],[122.9214412,9.833494661],[122.9219299,9.833171727],[122.9237884,9.831033099],[122.9241747,9.830462179],[122.9245368,9.8297982],[122.9248988,9.829313699],[122.9253876,9.828865125],[122.9258039,9.828434481],[122.9262202,9.82812947],[122.9266546,9.827734725],[122.9269986,9.827268165],[122.927614,9.826550401],[122.9282295,9.825742897],[122.928682,9.825312257],[122.9291346,9.824738034],[122.9294242,9.824415042],[122.9298767,9.824038244],[122.9304197,9.823607623],[122.9310351,9.82324881],[122.9314514,9.822872001],[122.932103,9.822333716],[122.9329841,9.821834654],[122.9332576,9.821414769],[122.9338368,9.820696986],[122.9343799,9.820122776],[122.93476,9.81962032],[122.9355929,9.818510611],[122.9358861,9.817865546],[122.9376239,9.815568593],[122.9380222,9.814796921],[122.9383118,9.814186755],[122.9411356,9.810253833],[122.9419321,9.80896467],[122.9430405,9.807904122],[122.9435373,9.807534715],[122.9444593,9.807135941],[122.9448636,9.806892254],[122.9451733,9.806537337],[122.9456023,9.805968943],[122.9457708,9.805607661],[122.9459109,9.805324165],[122.9462578,9.805099882],[122.9464793,9.804827341],[122.9467102,9.804496572],[122.9469568,9.804103661],[122.9473719,9.803595155],[122.9477156,9.803037511],[122.9478696,9.802713006],[122.9481689,9.801794129],[122.9482595,9.801351721],[122.9482982,9.801173869],[122.9487633,9.800325502],[122.9489548,9.800135648],[122.949395,9.799755471],[122.9498004,9.799315221],[122.9500218,9.798943739],[122.9503838,9.798659628],[122.9507156,9.798255858],[122.95081,9.798096197],[122.9511259,9.797702301],[122.9513943,9.797493191],[122.9519825,9.796880072],[122.9523143,9.79656604],[122.952631,9.796266962],[122.9531136,9.795937999],[122.9535057,9.795623976],[122.9540788,9.795115547],[122.9546524,9.794580276],[122.9549837,9.79412856],[122.9550052,9.794124686],[122.9560549,9.793083876],[122.9569236,9.792186618],[122.9588419,9.790392122],[122.9592909,9.790126848],[122.9600772,9.789599786],[122.9607919,9.788832513],[122.9610917,9.788284955],[122.9617341,9.787183748],[122.9617884,9.787129912],[122.9627337,9.785666404],[122.9656293,9.782125073],[122.9668841,9.78016293],[122.967222,9.778631418],[122.9678977,9.777291391],[122.9683322,9.775664168],[122.9689114,9.774132683],[122.9689935,9.773122823],[122.9705378,9.77072995],[122.9802117,9.733472458],[122.985241,9.696606823],[122.9860612,9.695410348],[122.9868813,9.694453177],[122.9872673,9.693543838],[122.987605,9.69282594],[122.9879909,9.692203768],[122.9888111,9.691246592],[122.9889558,9.690911572],[122.9901037,9.689382973],[122.9906163,9.688904389],[122.9910685,9.688425801],[122.9918524,9.687917316],[122.9924856,9.687468649],[122.9928775,9.686960142],[122.9932092,9.686331978],[122.993571,9.685853382],[122.9939328,9.685374785],[122.9949579,9.684357778],[122.9952594,9.683939004],[122.9958322,9.683101454],[122.9961337,9.682323719]]}},{"type":"Feature","properties":{"catalog_id":"PHL_84","catalog_name":"philippines","dip_dir":"W","name":"Offshore North of Sta Ana","net_slip_rate":"(2.0, 1.0, 3.0)","slip_type":"Reverse","downthrown_side_dir":"E"},"geometry":{"type":"LineString","coordinates":[[122.3790188,19.07248493],[122.3261708,18.95368217],[122.190485,18.78493837],[122.0291962,18.62454128]]}},{"type":"Feature","properties":{"catalog_id":"PHL_85","catalog_name":"philippines","name":"Offshore Pagudpud"},"geometry":{"type":"LineString","coordinates":[[120.8276413,18.82049427],[120.7717848,18.54919158]]}},{"type":"Feature","properties":{"catalog_id":"PHL_86","catalog_name":"philippines","name":"Offshore NE of Calayan"},"geometry":{"type":"LineString","coordinates":[[121.9606617,19.86554045],[122.0168424,19.48901547]]}},{"type":"Feature","properties":{"catalog_id":"PHL_87","catalog_name":"philippines","name":"Offshore North of Pagudpud"},"geometry":{"type":"LineString","coordinates":[[121.015975,19.052803],[120.989747,18.8632624],[120.9618135,18.70730479],[120.9322659,18.57058671]]}},{"type":"Feature","properties":{"catalog_id":"PHL_88","catalog_name":"philippines","name":"Offshore Ticao-Guinayangan","net_slip_rate":"(7.0, 3.5, 10.5)","slip_type":"Sinistral"},"geometry":{"type":"LineString","coordinates":[[122.5197755,13.76966245],[122.5782265,13.72410418],[122.6557075,13.64902266],[122.9403071,13.26683528],[123.1826915,12.98842111],[123.2698994,12.91915342],[123.5539567,12.63464015],[123.6013767,12.55516434],[123.6716068,12.44597986],[123.7368287,12.36176221],[123.8514795,12.23126759]]}},{"type":"Feature","properties":{"average_dip":"(65,45,75)","catalog_id":"PHL_89","catalog_name":"philippines","dip_dir":"E","name":"Pugo Fault","slip_type":"Sinistral-Reverse","downthrown_side_dir":"W","strike_slip_rate":"None","shortening_rate":"None"},"geometry":{"type":"LineString","coordinates":[[120.4202352,16.40297987],[120.5119674,16.23281001]]}},{"type":"Feature","properties":{"catalog_id":"PHL_90","catalog_name":"philippines","name":"Offshore South of Calayan"},"geometry":{"type":"LineString","coordinates":[[121.5553313,19.19639894],[121.4655142,18.93369752]]}},{"type":"Feature","properties":{"catalog_id":"PHL_91","catalog_name":"philippines","name":"Offshore Surigao","net_slip_rate":"(25.0, 12.5, 37.5)","slip_type":"Sinistral"},"geometry":{"type":"LineString","coordinates":[[125.4205464,9.782668386],[125.4060981,9.808675205],[125.3796097,9.839498102],[125.3507132,9.865023314],[125.3266328,9.899699073]]}},{"type":"Feature","properties":{"catalog_id":"PHL_92","catalog_name":"philippines","name":"San Narciso-Uson","slip_type":"Sinistral","strike_slip_rate":"None"},"geometry":{"type":"LineString","coordinates":[[122.612429,13.48021999],[122.9475676,13.02738389],[123.1530395,12.81991712],[123.3245985,12.68027603],[123.5959012,12.42892207],[123.7370385,12.25935789]]}},{"type":"Feature","properties":{"catalog_id":"PHL_93","catalog_name":"philippines","name":"Sibuyan Sea Fault","slip_type":"Sinistral","strike_slip_rate":"None"},"geometry":{"type":"LineString","coordinates":[[121.9489514,13.61195937],[122.0635909,13.53405581],[122.1033236,13.49509714],[122.2004479,13.39986585],[122.2269368,13.37389341],[122.2931763,13.30463158],[122.7299659,12.94104421],[123.1135598,12.68136757],[123.1185916,12.67437042],[123.3741228,12.55078297],[123.5918608,12.42927403]]}},{"type":"Feature","properties":{"average_dip":"(55,40,75)","catalog_id":"PHL_94","catalog_name":"philippines","dip_dir":"S","name":"San Jose Fault","slip_type":"Reverse-Sinistral","downthrown_side_dir":"S","strike_slip_rate":"None","shortening_rate":"(6.2,2.4,11.3)"},"geometry":{"type":"LineString","coordinates":[[120.7977996,16.09853535],[120.8412779,15.99691982],[120.923844,15.8714526],[121.0025352,15.7807963],[121.0756551,15.70501753]]}},{"type":"Feature","properties":{"average_dip":"(65,45,75)","catalog_id":"PHL_95","catalog_name":"philippines","dip_dir":"N","name":"San Manuel Fault","slip_type":"Reverse-Sinistral","downthrown_side_dir":"S","strike_slip_rate":"None","shortening_rate":"(6.2,2.4,11.3)"},"geometry":{"type":"LineString","coordinates":[[120.5106379,16.20755042],[120.5717927,16.15171343],[120.648901,16.07992302],[120.8071057,16.01876822]]}},{"type":"Feature","properties":{"catalog_id":"PHL_96","catalog_name":"philippines","name":"Surigao Fault","net_slip_rate":"(25.0, 12.5, 37.5)","slip_type":"Sinistral"},"geometry":{"type":"LineString","coordinates":[[125.4267335,9.786345154],[125.4263688,9.783452605],[125.4263396,9.782408724],[125.4267821,9.778098376],[125.427931,9.769934526],[125.4294807,9.762951223],[125.4314736,9.757748568],[125.4329859,9.751908811],[125.4337849,9.743554626],[125.434206,9.739568912],[125.4358612,9.73078613],[125.4358666,9.729956049],[125.4359867,9.729508775],[125.4359884,9.728931438],[125.4359825,9.727094791],[125.4359366,9.725751157],[125.436145,9.723680459],[125.4365001,9.721814442],[125.4371832,9.720324851],[125.4390614,9.71536646],[125.4416737,9.701109978],[125.4546276,9.654633853],[125.4701335,9.538385704],[125.4703258,9.53640526],[125.5300878,9.332021903],[125.5305824,9.330736663],[125.533336,9.325307544],[125.5354427,9.319313146],[125.545709,9.282224984],[125.5493462,9.271670429],[125.5506972,9.268879943],[125.5520061,9.264187257],[125.5526528,9.261461466],[125.5528637,9.260890615],[125.5531343,9.258681945],[125.5536931,9.256684792],[125.5605439,9.25526401],[125.5660881,9.240165059],[125.5677481,9.233469603],[125.5678402,9.231453208],[125.5683549,9.228797326],[125.5686926,9.225471281],[125.5687999,9.225470514],[125.5697557,9.222027069],[125.5870988,9.167007963],[125.6086399,9.118818496],[125.6092868,9.118114142],[125.6093889,9.117251739],[125.6132848,9.086704207],[125.6184226,9.071034117],[125.6182988,9.068168193],[125.6193858,9.061791515],[125.6197663,9.060731858],[125.6185294,9.047768142],[125.6177886,9.040020322],[125.6181932,9.032839299],[125.620307,9.017844816],[125.6239921,8.995768474],[125.6313738,8.979360539],[125.6328678,8.952691157],[125.6404923,8.931990922],[125.6486684,8.913319954],[125.6621212,8.900492825],[125.6594502,8.896226958],[125.6649499,8.886098555],[125.6711852,8.880174334],[125.6723912,8.877126727],[125.6776674,8.868571565],[125.6883157,8.854947214],[125.6911587,8.851754162],[125.69417,8.839271418],[125.6952996,8.836072225],[125.696258,8.831789894]]}},{"type":"Feature","properties":{"average_dip":"(35,,)","catalog_id":"PHL_97","catalog_name":"philippines","dip_dir":"W","name":"Tablas Fault","net_slip_rate":"(5.0, 2.5, 7.5)","slip_type":"Reverse","downthrown_side_dir":"E"},"geometry":{"type":"LineString","coordinates":[[122.1950177,12.8369971],[122.1641761,12.72463074],[122.1247762,12.51973551],[122.0808101,12.3368661],[122.0189422,12.15619455],[121.9280532,11.9622921],[121.8414984,11.80143847],[121.8304443,11.77059151]]}},{"type":"Feature","properties":{"average_dip":"(55,,)","catalog_id":"PHL_98","catalog_name":"philippines","dip_dir":"E","name":"Southern Mindoro Fault","net_slip_rate":"(1.0, 0.5, 1.5)","slip_type":"Reverse","downthrown_side_dir":"W"},"geometry":{"type":"LineString","coordinates":[[121.409166,12.5885729],[121.3361401,12.48647847],[121.1936333,12.4006908],[121.2071041,12.24471321],[121.2000142,12.23691433]]}},{"type":"Feature","properties":{"average_dip":"(35,,)","catalog_id":"PHL_99","catalog_name":"philippines","dip_dir":"W","name":"Southern Negros FS North","net_slip_rate":"(2.0, 1.0, 3.0)","slip_type":"Reverse","downthrown_side_dir":"E"},"geometry":{"type":"LineString","coordinates":[[123.1371174,9.67319433],[123.1368759,9.672332917],[123.1366486,9.671809624],[123.1353817,9.669835728],[123.1352307,9.66958768],[123.1329927,9.665959914],[123.1298442,9.662586806],[123.1281434,9.661151556],[123.1272489,9.66079495],[123.12475,9.659551399],[123.1224439,9.658049316],[123.1210566,9.657621887],[123.1199278,9.657315937],[123.118905,9.656560054],[123.1154298,9.654898434],[123.1142533,9.654142953],[123.1097604,9.651485697],[123.1088522,9.650635378],[123.1084874,9.65012771],[123.1071995,9.64848397],[123.1066338,9.647692291],[123.1055821,9.646811785],[123.104598,9.64606542],[123.1035753,9.645462646],[123.1020817,9.643955415],[123.1009432,9.643429242],[123.0998724,9.642855187],[123.0993031,9.642290571],[123.0989749,9.641593794],[123.0984153,9.641086607],[123.0974988,9.64049336],[123.0969875,9.640273327],[123.0962639,9.639823612],[123.0952853,9.638689123],[123.0947683,9.638014822],[123.0941989,9.637019444],[123.0938496,9.636658654],[123.0928945,9.636132409],[123.0921131,9.635816711],[123.0913992,9.635303806],[123.090801,9.634566881],[123.0903377,9.633638477],[123.0900385,9.632748324],[123.0897779,9.632221893],[123.0897779,9.632221909],[123.0890852,9.631507976],[123.088043,9.629593756],[123.0879945,9.628636538],[123.0877532,9.627784659],[123.0868885,9.626048439],[123.0872544,9.623246547],[123.0871482,9.622911541],[123.087042,9.622413805],[123.0870612,9.621896897],[123.0871383,9.621504416],[123.0870707,9.621159828],[123.0870031,9.620920536],[123.0860319,9.620150182],[123.0852118,9.619097409],[123.085067,9.61842738],[123.0846568,9.617111278],[123.0844634,9.615036518],[123.0843668,9.614342553],[123.0843677,9.613493812],[123.0843688,9.61341667],[123.0843905,9.612260573],[123.0844867,9.611399045],[123.0839557,9.608821818],[123.0833766,9.607146788],[123.0829183,9.606596478],[123.0826059,9.60614306],[123.0825564,9.6055436],[123.0815253,9.603132849],[123.0813716,9.60244144],[123.0813594,9.600753868],[123.0814604,9.599547736],[123.0814613,9.598654349],[123.0815211,9.596848661],[123.0816189,9.596607091],[123.0817924,9.595998256],[123.0815812,9.594881294],[123.0813332,9.593251222],[123.0811695,9.592193391],[123.0811549,9.591446754],[123.0818329,9.587374961],[123.0824587,9.582019136],[123.0882522,9.53679496],[123.0883098,9.535902805],[123.0883146,9.535574632],[123.0882783,9.534928507],[123.0879526,9.534138862],[123.0878078,9.533540623],[123.0873213,9.532166366],[123.0873853,9.530771917],[123.0869626,9.528526402],[123.0868785,9.52797854],[123.0866909,9.52641421],[123.0867213,9.526135459],[123.0866609,9.525608994],[123.0868611,9.52473774],[123.0869635,9.524474478],[123.0870282,9.524349574],[123.0872885,9.523950751],[123.0875208,9.523158355],[123.0875327,9.522607943],[123.087074,9.519437204],[123.0870957,9.516999004],[123.0870941,9.516896822],[123.087068,9.516394745],[123.0870611,9.516284196],[123.0870408,9.516002961],[123.0869346,9.515538725],[123.0869186,9.515492264],[123.086935,9.51522181],[123.086856,9.514794508],[123.0866929,9.514039472],[123.0865994,9.513407279],[123.0864603,9.513079502],[123.0862432,9.512672725],[123.0861135,9.512253595],[123.0858844,9.511739131],[123.0855245,9.511155663],[123.0852034,9.510318254],[123.0847976,9.507200415],[123.0850381,9.504807274],[123.0855018,9.502744676],[123.085323,9.50069119],[123.0849916,9.499286054],[123.084596,9.498242751],[123.0837279,9.496878873],[123.0815913,9.493985601],[123.0813019,9.4935908],[123.0807593,9.492334537],[123.0799995,9.489642462],[123.0796735,9.487057987],[123.079564,9.481960714],[123.0793103,9.478622407],[123.079274,9.47826345],[123.0790924,9.473991813],[123.0790837,9.473485918],[123.0790714,9.47211281],[123.0790591,9.470733865],[123.0787937,9.469393784],[123.0786246,9.467503272],[123.0589907,9.451080983],[123.0587796,9.44994429],[123.0585385,9.449076825],[123.0580864,9.448029907],[123.0579658,9.447222253],[123.0579656,9.446055617],[123.0579989,9.445712067],[123.0581161,9.444499401],[123.0582062,9.443124038],[123.0585675,9.441269336],[123.0590794,9.439147791],[123.0593201,9.43702148],[123.05935,9.435615529],[123.0592595,9.434508733],[123.0591317,9.433895824],[123.0590785,9.433640704],[123.0588977,9.432594303],[123.0588675,9.432085773],[123.0587442,9.431202001],[123.0585961,9.430290985],[123.058596,9.4294534],[123.0585356,9.42867565],[123.0585355,9.427778237],[123.0586557,9.425893653],[123.0585953,9.424756938],[123.0587457,9.42287235],[123.0584743,9.42107756],[123.0583537,9.420479301]]}},{"type":"Feature","properties":{"catalog_id":"PHL_100","catalog_name":"philippines","name":"Masbate Fault East","net_slip_rate":"(10.0, 5.0, 15.0)","slip_type":"Sinistral"},"geometry":{"type":"LineString","coordinates":[[123.8669195,12.19832408],[123.8714884,12.19128209],[123.8719019,12.19082723],[123.8735994,12.18832737],[123.8748832,12.18614639],[123.8755931,12.18469252],[123.8772197,12.18169431],[123.8781946,12.18064283],[123.8792331,12.17908832],[123.8804063,12.17753375],[123.8814395,12.17592769],[123.8871846,12.16991604],[123.891595,12.16521289],[123.9072019,12.14463837],[123.9472511,12.08759776],[123.9605458,12.06782064],[123.9843459,12.03652972],[124.0202917,11.99896745],[124.0299516,11.97437678]]}},{"type":"Feature","properties":{"catalog_id":"PHL_101","catalog_name":"philippines","name":"Masbate Fault West","net_slip_rate":"(15.0, 7.5, 22.5)","slip_type":"Sinistral"},"geometry":{"type":"LineString","coordinates":[[123.7495064,12.24140403],[123.7983808,12.16759374],[123.9051065,12.0429142],[124.0065671,11.95147892],[124.07492,11.84941154]]}},{"type":"Feature","properties":{"catalog_id":"PHL_102","catalog_name":"philippines","name":"Lianga Fault","slip_type":"Sinistral","strike_slip_rate":"None"},"geometry":{"type":"LineString","coordinates":[[125.7612901,8.767386898],[125.8126696,8.718717516],[125.8545643,8.688420562],[125.8865082,8.672194624],[126.0129076,8.61951933],[126.0211073,8.607325873],[126.0287507,8.600009543],[126.0391598,8.596080057],[126.0447895,8.593461779],[126.0460877,8.592263835],[126.0470417,8.591143921],[126.0562151,8.58624336],[126.058661,8.585559108],[126.0602072,8.585055067],[126.0607538,8.584592866],[126.0612603,8.58432475],[126.0616328,8.584116461],[126.0637304,8.583378474],[126.0659091,8.582937403],[126.0681671,8.58222387],[126.06869,8.582172884],[126.06869,8.582172864],[126.0689202,8.581941692],[126.071598,8.58055233],[126.0753312,8.579844369],[126.076318,8.579521538],[126.0768906,8.579393278],[126.0775009,8.579406064],[126.0781193,8.578894076],[126.07938,8.578390038],[126.0803682,8.577840377],[126.0812151,8.577642429],[126.0823781,8.577126779],[126.083271,8.576547003],[126.0842608,8.576152121],[126.0851669,8.575364078],[126.0868389,8.574384958],[126.0892784,8.571790411],[126.0904876,8.570126865],[126.0914601,8.56957706],[126.0923823,8.568615139],[126.0933283,8.568094108],[126.0939248,8.567981184],[126.0946893,8.567473249],[126.0959496,8.567135746],[126.0969952,8.566025404],[126.0972735,8.5656025],[126.0975122,8.564989308],[126.0977436,8.564951407],[126.0979874,8.564695235],[126.0982681,8.56409816],[126.1007243,8.560988671],[126.1019294,8.56085585],[126.104356,8.559854426],[126.1052911,8.559246095],[126.1058647,8.559190885],[126.1075238,8.55817698],[126.107882,8.558137602],[126.108153,8.557886571],[126.1082967,8.557661935],[126.1109024,8.556182447],[126.1120028,8.55492142],[126.1134371,8.554068176],[126.1144044,8.553563992],[126.1166141,8.551262722],[126.1234463,8.545177993],[126.128485,8.5416327],[126.1301862,8.540335087],[126.1343934,8.537580003],[126.1361045,8.536834772],[126.1370197,8.53646203],[126.138359,8.535933936],[126.1385919,8.535841255],[126.1401675,8.535014113],[126.1410897,8.534460959],[126.1419959,8.533956196],[126.1448979,8.531889765],[126.2383944,8.52488091],[126.2481398,8.519460267],[126.2504507,8.518657442],[126.2528621,8.517955073],[126.2551729,8.516750514],[126.2573834,8.516148499],[126.2590825,8.515603588],[126.2608219,8.515241196],[126.2629097,8.514844225],[126.2667406,8.512725416],[126.2686363,8.511431154],[126.2705453,8.510728702],[126.2735594,8.509524272],[126.2775787,8.508822228],[126.2817361,8.506935985],[126.2817503,8.5069295],[126.2838078,8.505911394],[126.2871235,8.504707063],[126.2898361,8.503301775],[126.2913432,8.502699606],[126.292395,8.502230133],[126.2967567,8.500584713],[126.2981245,8.500014086],[126.2981879,8.499987509],[126.2990342,8.49958996],[126.3008964,8.499052469],[126.3017473,8.498980058],[126.3058076,8.497368295],[126.3072318,8.49772645],[126.3101501,8.496553845],[126.3131639,8.495786008],[126.3144091,8.495642006],[126.3175504,8.495175887],[126.3189273,8.494242742],[126.320378,8.493449471],[126.3223535,8.493272295],[126.3235533,8.492738182],[126.3242159,8.492573797],[126.3250575,8.49209031],[126.3259746,8.491791894],[126.3263455,8.491418794],[126.3278486,8.489471778],[126.3282538,8.488985582],[126.329571,8.48719982],[126.3313015,8.485528344],[126.3320907,8.484716104],[126.33254,8.484336611],[126.3353378,8.482368169],[126.3373634,8.48053666],[126.3384754,8.480169337],[126.3396906,8.480045538],[126.3415888,8.479140843],[126.3448805,8.476451565],[126.3457902,8.476060638],[126.3459877,8.475937287],[126.34621,8.475764554],[126.346392,8.475593983],[126.346704,8.475468244],[126.3469756,8.475270808],[126.3473445,8.475176338],[126.3477209,8.475039871],[126.3479136,8.474857738],[126.3482719,8.474643579],[126.3486088,8.474387616],[126.3490587,8.4740099],[126.3503839,8.47307805],[126.3515188,8.472586542],[126.4242941,8.46914648],[126.5343906,8.425885252],[126.5696365,8.408577394],[126.684147,8.360988475],[126.6885799,8.352329094],[126.7414297,8.330697494]]}},{"type":"Feature","properties":{"catalog_id":"PHL_103","catalog_name":"philippines","name":"Lubang Fault South","slip_type":"Sinistral","strike_slip_rate":"None"},"geometry":{"type":"LineString","coordinates":[[120.3179809,13.57234523],[120.5157907,13.58108539],[121.0480144,13.52499716],[121.2856311,13.47745492],[121.4926154,13.39525712]]}},{"type":"Feature","properties":{"average_dip":"(65,,)","catalog_id":"PHL_104","catalog_name":"philippines","dip_dir":"E","name":"Nabunturan Fault","net_slip_rate":"(5.0, 2.5, 7.5)","slip_type":"Sinistral-Normal","downthrown_side_dir":"E"},"geometry":{"type":"LineString","coordinates":[[126.0346331,7.803310946],[126.001219,7.750446819],[125.9922421,7.737978865],[125.9912446,7.723516038],[125.9867562,7.67613781],[125.9797741,7.642224974],[125.9538408,7.599335211]]}},{"type":"Feature","properties":{"catalog_id":"PHL_105","catalog_name":"philippines","name":"Mati Fault","net_slip_rate":"(20.0, 10.0, 30.0)","slip_type":"Sinistral"},"geometry":{"type":"LineString","coordinates":[[126.1794614,7.462652798],[126.1786949,7.450278275],[126.1726303,7.419648025],[126.1777672,7.399647661],[126.1758442,7.357494254],[126.1659517,7.292927591],[126.160916,7.265579128],[126.1647669,7.235605571],[126.1595518,7.196536446],[126.1644353,7.165289034],[126.1710238,7.156397705],[126.1735088,7.135552506],[126.1785435,7.104020748],[126.1938793,7.051341017],[126.2023266,7.027383938],[126.2083037,7.001696672],[126.2027455,6.984771424],[126.1996958,6.969852602]]}},{"type":"Feature","properties":{"average_dip":"(35.,,)","catalog_id":"PHL_106","catalog_name":"philippines","dip_dir":"N","name":"Mindanao Fault-Upi","net_slip_rate":"(1.0, 0.5, 1.5)","slip_type":"Reverse","downthrown_side_dir":"S"},"geometry":{"type":"LineString","coordinates":[[124.0122062,7.035721327],[124.0442439,6.996280361],[124.1259378,6.936888853],[124.1432153,6.891937259],[124.2251589,6.847205855]]}},{"type":"Feature","properties":{"average_dip":"(35.,,)","catalog_id":"PHL_107","catalog_name":"philippines","dip_dir":"S","name":"North Bohol Fault","net_slip_rate":"(2.0, 1.0, 3.0)","slip_type":"Reverse","downthrown_side_dir":"N"},"geometry":{"type":"LineString","coordinates":[[123.7973404,9.818679765],[123.8061996,9.822096067],[123.809641,9.823621051],[123.8204422,9.827585865],[123.8256124,9.829977356],[123.830202,9.831767885],[123.8335117,9.833252899],[123.8380921,9.835750018],[123.8517224,9.841628944],[123.8591459,9.845223843],[123.8713771,9.849797364],[123.8752009,9.851788564],[123.8789271,9.853369669],[123.8909095,9.856498462],[123.89408,9.857647204],[123.8957692,9.858574517],[123.8996379,9.860579981],[123.901172,9.861557238],[123.9052718,9.863548931],[123.9278224,9.876250258],[123.9491817,9.885633305],[123.9574269,9.888251304],[123.9796563,9.898286729],[123.9848426,9.901587876],[123.98876,9.903209128],[123.9967594,9.909386407],[124.0085315,9.915649709],[124.0128433,9.918159455],[124.0204338,9.92132723],[124.0238355,9.923409635],[124.0276676,9.925435311],[124.029288,9.926066646],[124.04464,9.934010252],[124.0455422,9.934664188],[124.0489678,9.93668229],[124.0545001,9.940890821],[124.057446,9.943566086],[124.0750452,9.95699985],[124.0768339,9.958603602],[124.0789987,9.960209939],[124.0817681,9.962721499],[124.0846688,9.966070495],[124.088652,9.970047268],[124.0915089,9.973799354],[124.0933214,9.976003071],[124.0962997,9.979426084],[124.1008908,9.984210433],[124.104063,9.987459437],[124.1268364,10.00703193],[124.1331229,10.01277668],[124.1398661,10.02016188],[124.141329,10.02499428]]}},{"type":"Feature","properties":{"catalog_id":"PHL_108","catalog_name":"philippines","name":"Northern Samar Lineament","slip_type":"Sinistral","strike_slip_rate":"None"},"geometry":{"type":"LineString","coordinates":[[124.2869285,12.50219962],[124.2896834,12.49667062],[124.2909557,12.49438269],[124.291235,12.49381591],[124.2917423,12.49315544],[124.2923655,12.49234391],[124.2941518,12.48979252],[124.2949395,12.48900464],[124.3328464,12.44633377],[124.3598206,12.41426985],[124.3689983,12.40371033],[124.3709945,12.40140736],[124.3816433,12.39064861],[124.3866229,12.38382761],[124.3903735,12.37916401],[124.3929944,12.37508731],[124.4035878,12.35933329],[124.4255141,12.32463068],[124.4291764,12.31837667],[124.4331809,12.31144024],[124.4357463,12.30534696],[124.454336,12.27670715],[124.4550851,12.27554418],[124.4708948,12.25273024],[124.4727312,12.25065108],[124.4826831,12.23704863],[124.4826846,12.23704658],[124.4827657,12.23692679],[124.491445,12.22408877],[124.4927216,12.21603598],[124.503612,12.1989021],[124.511362,12.18800693],[124.52096,12.1753858],[124.5255706,12.16452677],[124.5267818,12.15248101],[124.5276897,12.13795222]]}},{"type":"Feature","properties":{"catalog_id":"PHL_109","catalog_name":"philippines","name":"Lubang Fault North","slip_type":"Sinistral","strike_slip_rate":"None"},"geometry":{"type":"LineString","coordinates":[[120.0698996,14.01828695],[120.1887344,13.98802019],[120.2284313,13.9577229],[120.357033,13.89182803],[120.5332582,13.80150441],[120.8100713,13.65048736],[121.0699974,13.52500504]]}},{"type":"Feature","properties":{"catalog_id":"PHL_110","catalog_name":"philippines","name":"Norala-Koronadal"},"geometry":{"type":"LineString","coordinates":[[124.700936,6.585877528],[124.7533014,6.494612101],[124.8031732,6.478154401],[124.8216258,6.467182601],[124.8839656,6.345495365]]}},{"type":"Feature","properties":{"average_dip":"(35.,,)","catalog_id":"PHL_111","catalog_name":"philippines","dip_dir":"N","name":"Offshore East Bohol","net_slip_rate":"(1.0, 0.5, 1.5)","slip_type":"Reverse","downthrown_side_dir":"S"},"geometry":{"type":"LineString","coordinates":[[124.820461,9.840951178],[124.5767234,9.629711947]]}},{"type":"Feature","properties":{"catalog_id":"PHL_112","catalog_name":"philippines","name":"Offshore West of Calayan"},"geometry":{"type":"LineString","coordinates":[[121.0125451,19.20138672],[121.1967878,19.50920999],[121.3391588,19.84943594]]}},{"type":"Feature","properties":{"average_dip":"(25.,,)","catalog_id":"PHL_113","catalog_name":"philippines","dip_dir":"W","name":"Offshore Davao Gulf","net_slip_rate":"(7.0, 3.5, 10.5)","slip_type":"Reverse","downthrown_side_dir":"E"},"geometry":{"type":"LineString","coordinates":[[125.6314829,6.602412299],[125.6804117,6.563657364],[125.7411647,6.483064501],[125.7962957,6.381833779],[125.8444991,6.207445625],[125.863541,5.978688144],[125.8294469,5.805025441],[125.7813523,5.636984574]]}},{"type":"Feature","properties":{"catalog_id":"PHL_114","catalog_name":"philippines","dip_dir":"W","name":"Offshore FS North of Cagayan","slip_type":"Reverse","downthrown_side_dir":"E","shortening_rate":"(5.0, 2.5, 7.5)"},"geometry":{"type":"LineString","coordinates":[[121.7195957,18.50098413],[121.9275519,18.7110947],[122.0520828,18.89518888],[122.1502612,19.07277796],[122.2848747,19.4734022]]}},{"type":"Feature","properties":{"average_dip":"(65,45,80)","catalog_id":"PHL_115","catalog_name":"philippines","dip_dir":"N","name":"Chico Fault","net_slip_rate":"(2.0, 1.0, 3.0)","slip_type":"Reverse-Dextral","downthrown_side_dir":"S"},"geometry":{"type":"LineString","coordinates":[[121.4359366,17.68590114],[121.2663271,17.48527275],[121.245818,17.41400665],[121.216909,17.38111904],[121.1524702,17.26311592],[121.0919933,17.20462559]]}},{"type":"Feature","properties":{"catalog_id":"PB_3942.0","catalog_name":"Bird 2003","net_slip_rate":"(92.0,,)","slip_type":"Subduction_Thrust","epistemic_quality":"1","activity_confidence":"1","strike_slip_rate":"(-22.9,,)","shortening_rate":"(89.1,,)"},"geometry":{"type":"LineString","coordinates":[[120.452,21.632],[120.344,21.202]]}},{"type":"Feature","properties":{"catalog_id":"PB_3943.0","catalog_name":"Bird 2003","net_slip_rate":"(92.6,,)","slip_type":"Subduction_Thrust","epistemic_quality":"1","activity_confidence":"1","strike_slip_rate":"(-35.3,,)","shortening_rate":"(85.6,,)"},"geometry":{"type":"LineString","coordinates":[[120.344,21.202],[120.29,20.631]]}},{"type":"Feature","properties":{"catalog_id":"PB_3944.0","catalog_name":"Bird 2003","net_slip_rate":"(93.1,,)","slip_type":"Subduction_Thrust","epistemic_quality":"1","activity_confidence":"1","strike_slip_rate":"(-76.3,,)","shortening_rate":"(53.3,,)"},"geometry":{"type":"LineString","coordinates":[[120.29,20.631],[120.502,20.255]]}},{"type":"Feature","properties":{"catalog_id":"PB_3945.0","catalog_name":"Bird 2003","net_slip_rate":"(93.4,,)","slip_type":"Subduction_Thrust","epistemic_quality":"1","activity_confidence":"1","strike_slip_rate":"(-27.1,,)","shortening_rate":"(89.4,,)"},"geometry":{"type":"LineString","coordinates":[[120.502,20.255],[120.441,19.937]]}},{"type":"Feature","properties":{"catalog_id":"PB_3946.0","catalog_name":"Bird 2003","net_slip_rate":"(94.0,,)","slip_type":"Subduction_Thrust","epistemic_quality":"1","activity_confidence":"1","strike_slip_rate":"(11.9,,)","shortening_rate":"(93.2,,)"},"geometry":{"type":"LineString","coordinates":[[120.441,19.937],[120.115,19.487]]}},{"type":"Feature","properties":{"catalog_id":"PB_3947.0","catalog_name":"Bird 2003","net_slip_rate":"(94.7,,)","slip_type":"Subduction_Thrust","epistemic_quality":"1","activity_confidence":"1","strike_slip_rate":"(-0.9,,)","shortening_rate":"(94.7,,)"},"geometry":{"type":"LineString","coordinates":[[120.115,19.487],[119.795,18.878]]}},{"type":"Feature","properties":{"catalog_id":"PB_3948.0","catalog_name":"Bird 2003","net_slip_rate":"(95.7,,)","slip_type":"Subduction_Thrust","epistemic_quality":"1","activity_confidence":"1","strike_slip_rate":"(15.0,,)","shortening_rate":"(94.5,,)"},"geometry":{"type":"LineString","coordinates":[[119.795,18.878],[119.279,18.201]]}},{"type":"Feature","properties":{"catalog_id":"PB_3949.0","catalog_name":"Bird 2003","net_slip_rate":"(96.5,,)","slip_type":"Subduction_Thrust","epistemic_quality":"1","activity_confidence":"1","strike_slip_rate":"(-26.0,,)","shortening_rate":"(93.0,,)"},"geometry":{"type":"LineString","coordinates":[[119.279,18.201],[119.161,17.629]]}},{"type":"Feature","properties":{"catalog_id":"PB_3950.0","catalog_name":"Bird 2003","net_slip_rate":"(97.3,,)","slip_type":"Subduction_Thrust","epistemic_quality":"1","activity_confidence":"1","strike_slip_rate":"(-52.3,,)","shortening_rate":"(82.0,,)"},"geometry":{"type":"LineString","coordinates":[[119.161,17.629],[119.248,16.84]]}},{"type":"Feature","properties":{"catalog_id":"PB_3951.0","catalog_name":"Bird 2003","net_slip_rate":"(97.8,,)","slip_type":"Subduction_Thrust","epistemic_quality":"1","activity_confidence":"1","strike_slip_rate":"(-45.4,,)","shortening_rate":"(86.6,,)"},"geometry":{"type":"LineString","coordinates":[[119.248,16.84],[119.255,16.556]]}},{"type":"Feature","properties":{"catalog_id":"PB_3958.0","catalog_name":"Bird 2003","net_slip_rate":"(97.5,,)","slip_type":"Sinistral_Transform","epistemic_quality":"1","activity_confidence":"1","strike_slip_rate":"(-96.9,,)","shortening_rate":"(-10.3,,)"},"geometry":{"type":"LineString","coordinates":[[122.086,15.648],[122.555,15.493]]}},{"type":"Feature","properties":{"catalog_id":"PB_3959.0","catalog_name":"Bird 2003","net_slip_rate":"(97.4,,)","slip_type":"Sinistral_Transform","epistemic_quality":"1","activity_confidence":"1","strike_slip_rate":"(-96.9,,)","shortening_rate":"(-9.8,,)"},"geometry":{"type":"LineString","coordinates":[[122.555,15.493],[123.024,15.337]]}},{"type":"Feature","properties":{"catalog_id":"PB_3960.0","catalog_name":"Bird 2003","net_slip_rate":"(97.4,,)","slip_type":"Sinistral_Transform","epistemic_quality":"1","activity_confidence":"1","strike_slip_rate":"(-96.9,,)","shortening_rate":"(-9.2,,)"},"geometry":{"type":"LineString","coordinates":[[123.024,15.337],[123.492,15.18]]}},{"type":"Feature","properties":{"catalog_id":"PB_3961.0","catalog_name":"Bird 2003","net_slip_rate":"(97.3,,)","slip_type":"Sinistral_Transform","epistemic_quality":"1","activity_confidence":"1","strike_slip_rate":"(-96.9,,)","shortening_rate":"(-8.6,,)"},"geometry":{"type":"LineString","coordinates":[[123.492,15.18],[123.959,15.023]]}},{"type":"Feature","properties":{"catalog_id":"PB_3962.0","catalog_name":"Bird 2003","net_slip_rate":"(97.3,,)","slip_type":"Sinistral_Transform","epistemic_quality":"1","activity_confidence":"1","strike_slip_rate":"(-96.9,,)","shortening_rate":"(-8.1,,)"},"geometry":{"type":"LineString","coordinates":[[123.959,15.023],[124.425,14.864]]}},{"type":"Feature","properties":{"catalog_id":"PB_3966.0","catalog_name":"Bird 2003","net_slip_rate":"(98.7,,)","slip_type":"Subduction_Thrust","epistemic_quality":"1","activity_confidence":"1","strike_slip_rate":"(-68.7,,)","shortening_rate":"(70.8,,)"},"geometry":{"type":"LineString","coordinates":[[125.494,13.306],[125.686,12.818]]}},{"type":"Feature","properties":{"catalog_id":"PB_3969.0","catalog_name":"Bird 2003","net_slip_rate":"(100.2,,)","slip_type":"Subduction_Thrust","epistemic_quality":"1","activity_confidence":"1","strike_slip_rate":"(-34.1,,)","shortening_rate":"(94.2,,)"},"geometry":{"type":"LineString","coordinates":[[126.24,11.63],[126.214,11.06]]}},{"type":"Feature","properties":{"catalog_id":"PB_3970.0","catalog_name":"Bird 2003","net_slip_rate":"(100.8,,)","slip_type":"Subduction_Thrust","epistemic_quality":"1","activity_confidence":"1","strike_slip_rate":"(-73.8,,)","shortening_rate":"(68.7,,)"},"geometry":{"type":"LineString","coordinates":[[126.214,11.06],[126.573,10.296]]}},{"type":"Feature","properties":{"catalog_id":"PB_3971.0","catalog_name":"Bird 2003","net_slip_rate":"(101.5,,)","slip_type":"Subduction_Thrust","epistemic_quality":"1","activity_confidence":"1","strike_slip_rate":"(-62.8,,)","shortening_rate":"(79.7,,)"},"geometry":{"type":"LineString","coordinates":[[126.573,10.296],[126.824,9.449]]}},{"type":"Feature","properties":{"catalog_id":"PB_3972.0","catalog_name":"Bird 2003","net_slip_rate":"(102.2,,)","slip_type":"Subduction_Thrust","epistemic_quality":"1","activity_confidence":"1","strike_slip_rate":"(-65.1,,)","shortening_rate":"(78.7,,)"},"geometry":{"type":"LineString","coordinates":[[126.824,9.449],[127.053,8.75]]}},{"type":"Feature","properties":{"average_dip":"(45.0,,)","average_rake":"(180.0,,)","catalog_id":"EOS_AF1059","catalog_name":"EOS_SE_Asia","lower_seis_depth":"(18.0,,)","slip_type":"Dextral","upper_seis_depth":"(3.0,,)"},"geometry":{"type":"LineString","coordinates":[[124.99,3.861],[125.036,4.223],[125.059,4.483],[124.99,4.752],[124.898,4.964],[124.558,5.268],[124.108,5.523],[123.865,5.615],[123.536,5.932],[123.387,6.18],[123.256,6.53]]}},{"type":"Feature","properties":{"average_dip":"(30.0,,)","average_rake":"(180.0,,)","catalog_id":"EOS_AF1060","catalog_name":"EOS_SE_Asia","lower_seis_depth":"(30.0,,)","slip_type":"Dextral","upper_seis_depth":"(3.0,,)"},"geometry":{"type":"LineString","coordinates":[[124.876,0.297],[125.055,0.52],[125.28,0.856],[125.498,1.13],[125.59,1.553],[125.682,1.814],[125.75,2.298],[125.842,2.485],[125.888,2.578],[125.888,2.911],[125.98,3.071],[126.16,3.429],[126.325,3.755],[126.473,4.131],[126.583,4.437],[126.629,5.2]]}},{"type":"Feature","properties":{"average_dip":"(90.0,,)","average_rake":"(180.0,,)","catalog_id":"EOS_AF1702","catalog_name":"EOS_SE_Asia","lower_seis_depth":"(25.0,,)","slip_type":"Dextral","upper_seis_depth":"(1.0,,)"},"geometry":{"type":"LineString","coordinates":[[120.567,17.918],[120.607,17.977],[120.626,18.009],[120.645,18.056],[120.669,18.122]]}},{"type":"Feature","properties":{"average_dip":"(90.0,,)","average_rake":"(180.0,,)","catalog_id":"EOS_AF1752","catalog_name":"EOS_SE_Asia","lower_seis_depth":"(25.0,,)","slip_type":"Dextral","upper_seis_depth":"(1.0,,)"},"geometry":{"type":"LineString","coordinates":[[121.412,17.625],[121.346,17.558],[121.29,17.503],[121.276,17.484],[121.256,17.428],[121.269,17.382],[121.235,17.244],[121.222,17.174]]}},{"type":"Feature","properties":{"average_dip":"(90.0,,)","average_rake":"(180.0,,)","catalog_id":"EOS_AF1792","catalog_name":"EOS_SE_Asia","lower_seis_depth":"(25.0,,)","slip_type":"Dextral","upper_seis_depth":"(1.0,,)"},"geometry":{"type":"LineString","coordinates":[[120.506,16.422],[120.513,16.38],[120.516,16.343],[120.53,16.301],[120.535,16.27],[120.555,16.238],[120.549,16.226],[120.571,16.188],[120.58,16.179],[120.582,16.179],[120.61,16.136],[120.636,16.113],[120.675,16.083],[120.715,16.068],[120.747,16.053],[120.782,16.039],[120.817,16.027],[120.827,16.023]]}},{"type":"Feature","properties":{"average_dip":"(90.0,,)","average_rake":"(180.0,,)","catalog_id":"EOS_AF1793","catalog_name":"EOS_SE_Asia","lower_seis_depth":"(25.0,,)","slip_type":"Dextral","upper_seis_depth":"(1.0,,)"},"geometry":{"type":"LineString","coordinates":[[120.704,16.352],[120.706,16.349],[120.746,16.321],[120.765,16.292],[120.779,16.258],[120.795,16.214],[120.803,16.162],[120.806,16.152],[120.811,16.126],[120.817,16.101],[120.821,16.091],[120.83,16.062],[120.84,16.042],[120.849,16.033],[120.851,16.03],[120.872,15.995],[120.887,15.996],[120.902,15.953],[120.927,15.928],[120.951,15.901],[120.967,15.868],[120.998,15.806]]}},{"type":"Feature","properties":{"average_dip":"(30.0,,)","average_rake":"(90.0,,)","catalog_id":"EOS_AF1110","catalog_name":"EOS_SE_Asia","lower_seis_depth":"(40.0,,)","slip_type":"Subduction_Thrust","upper_seis_depth":"(1.0,,)"},"geometry":{"type":"LineString","coordinates":[[124.28,15.207],[124.681,14.922],[124.966,14.59],[125.081,14.406],[125.175,14.152],[125.344,13.768],[125.378,13.648],[125.407,13.497],[125.615,13.094],[125.676,12.851],[125.803,12.658],[125.904,12.476],[126.028,12.303],[126.155,12.041],[126.267,11.764],[126.291,11.583],[126.425,11.164],[126.442,11.05],[126.512,10.907],[126.596,10.616],[126.666,10.497],[126.691,10.359],[126.715,10.287],[126.827,10.003],[126.961,9.516],[127.077,9.157],[127.094,8.978],[127.155,8.77],[127.155,8.721],[127.203,8.603],[127.303,8.466],[127.279,8.004],[127.293,7.588],[127.328,7.365],[127.328,7.066],[127.268,6.818],[127.268,6.632],[127.428,6.092],[127.497,6.002],[127.665,5.614],[127.898,5.246]]}},{"type":"Feature","properties":{"average_dip":"(30.0,,)","average_rake":"(90.0,,)","catalog_id":"EOS_AF1111","catalog_name":"EOS_SE_Asia","lower_seis_depth":"(40.0,,)","slip_type":"Subduction_Thrust","upper_seis_depth":"(1.0,,)"},"geometry":{"type":"LineString","coordinates":[[120.59,12.631],[120.486,12.801],[120.312,12.971],[120.069,13.141],[119.931,13.311],[119.722,13.447],[119.514,13.582],[119.34,13.787],[119.167,13.991],[119.097,14.333],[119.097,14.538],[119.062,14.744],[119.062,14.983],[119.167,15.224]]}},{"type":"Feature","properties":{"average_dip":"(30.0,,)","average_rake":"(90.0,,)","catalog_id":"EOS_AF1112","catalog_name":"EOS_SE_Asia","lower_seis_depth":"(40.0,,)","slip_type":"Subduction_Thrust","upper_seis_depth":"(1.0,,)"},"geometry":{"type":"LineString","coordinates":[[119.167,15.224],[119.201,15.601],[119.167,15.909],[119.132,16.148],[119.132,16.491],[119.097,16.73],[119.097,16.936],[119.062,17.175],[119.062,17.381],[119.062,17.552],[119.062,17.792],[119.132,18.032]]}},{"type":"Feature","properties":{"average_dip":"(30.0,,)","average_rake":"(90.0,,)","catalog_id":"EOS_AF1113","catalog_name":"EOS_SE_Asia","lower_seis_depth":"(40.0,,)","slip_type":"Subduction_Thrust","upper_seis_depth":"(1.0,,)"},"geometry":{"type":"LineString","coordinates":[[119.132,18.032],[119.236,18.272],[119.306,18.512],[119.444,18.685],[119.583,18.925],[119.722,19.132],[119.861,19.338],[120.035,19.579],[120.174,19.854],[120.278,20.094],[120.243,20.334],[120.243,20.608],[120.139,20.813],[120.069,20.949],[119.931,21.222],[119.792,21.461],[119.653,21.665],[119.549,21.87],[119.514,22.041],[119.514,22.281],[119.653,22.522],[119.861,22.797]]}}]}